doi,data_centre,datacite_citation_count,datacite_links_harvested,missing_vs_datacite,datacite_links_counted,datacite_links_dataset_link,datacite_links_excluded,datacite_links_other_class,pipeline_counted,pipeline_counted_not_in_datacite,pipeline_all_links,complete
10.5285/f98b053b-0cbc-6c23-e053-6c86abc0af7b,BODC,126,0,126,0,0,0,0,114,114,116,false
10.5285/836f016a-33be-6ddc-e053-6c86abc0788e,BODC,59,0,59,0,0,0,0,94,94,97,false
10.5285/8344e4f3-d2ea-44f5-8afa-86d2987543a9,EIDC,29,0,29,0,0,0,0,44,44,69,false
10.5285/8385f864-dd41-410f-b248-028f923cb281,EIDC,6,0,6,0,0,0,0,6,6,8,false
10.5285/f9993ee9-085f-42cf-b008-5373526b2bcf,PDC,4,0,4,0,0,0,0,1,1,4,false
10.5285/fa20aaa2060e40cabf5fedce7a9716d0,CEDA,3,0,3,0,0,0,0,11,11,12,false
10.5285/0dd10858-7b96-41f1-8db5-e7b4c4168af5,EIDC,7,5,2,5,0,0,0,8,3,11,false
10.5285/81a1301f-e5e2-44f9-afe0-0ea5bb08010f,EIDC,2,0,2,0,0,0,0,5,5,6,false
10.5285/fa3f4087-528e-4c5d-90d8-6bb4675d6317,EIDC,2,0,2,0,0,0,0,3,3,4,false
10.5285/fa592594-93e0-4ee1-8268-b031ce21c3ca,PDC,2,0,2,0,0,0,0,3,3,5,false
10.5285/0667cf06-f2c3-45c1-a80a-e48539b52427,EIDC,4,3,1,3,0,0,0,3,0,4,false
10.5285/2182fd8d-0a0d-4f56-9bf9-4dffaa67ff4b,PDC,3,2,1,0,2,0,0,1,1,4,false
10.5285/3d37a409-c1e2-4c25-bdbc-fe495ccff653,PDC,7,6,1,1,5,0,0,2,1,7,false
10.5285/4b53b1d7-f290-4b47-97e9-9f9ec79f3003,EIDC,3,2,1,2,0,0,0,2,0,3,false
10.5285/4ed6f721-b23b-454e-b185-02ba54d551f0,EIDC,3,2,1,2,0,0,0,2,0,9,false
10.5285/4f3cf9f6-d7e5-4ae0-87c9-064b4e66a92a,EIDC,2,1,1,1,0,0,0,1,0,2,false
10.5285/5dc179dc-f692-49ba-9326-a6893a503f6e,EIDC,28,27,1,27,0,0,0,40,13,58,false
10.5285/6b8501c8-3931-4c5e-8e1b-584a6ea0d233,EIDC,3,2,1,2,0,0,0,3,1,4,false
10.5285/6bd95602-f2e3-4968-8622-c4aeb71c214c,PDC,4,3,1,0,3,0,0,0,0,3,false
10.5285/71c64bf8-671e-4f22-b4e9-b67b76dc35c8,PDC,7,6,1,1,5,0,0,2,1,9,false
10.5285/7a5d1630-2e02-4299-bd29-01fc1f36922b,PDC,4,3,1,0,3,0,0,0,0,7,false
10.5285/81b419c4-0055-435a-9bed-f583f64bd25a,PDC,1,0,1,0,0,0,0,0,0,3,false
10.5285/8262f384-88e7-4dad-89f5-45687b4e2d5a,PDC,1,0,1,0,0,0,0,1,1,1,false
10.5285/82c63533-529e-47b9-8e78-51b27028cc7f,EIDC,1,0,1,0,0,0,0,4,4,8,false
10.5285/835a50df-e74f-4bfb-b593-804fd61d5eab,EIDC,1,0,1,0,0,0,0,4,4,6,false
10.5285/83c5b315-2890-436b-b596-5d48bc9dbe47,PDC,5,4,1,0,4,0,0,0,0,5,false
10.5285/a1ab8c79-3426-43a4-ab42-6d1b218d1cc6,EIDC,3,2,1,2,0,0,0,3,1,4,false
10.5285/a1f88807-4826-44bc-994d-a902da5119c2,EIDC,15,14,1,14,0,0,0,19,5,41,false
10.5285/a3b93627-1148-48fa-b896-061cc422527b,PDC,2,1,1,0,1,0,0,0,0,2,false
10.5285/c397d6f4-96f4-4967-a0df-c64ef35ea572,EIDC,2,1,1,1,0,0,0,3,2,4,false
10.5285/c53a1f93-f64c-4d84-82a7-44038a394c59,EIDC,3,2,1,2,0,0,0,3,1,4,false
10.5285/c63c543f-3e95-4c1c-8c69-12f942271813,EIDC,2,1,1,1,0,0,0,1,0,6,false
10.5285/d7da6cb9-104b-4dbc-b709-c1f7ba94fb16,EIDC,6,5,1,5,0,0,0,13,8,14,false
10.5285/dc8c92a8-c6e0-4edb-97da-5462f4310a9d,PDC,7,6,1,1,5,0,0,2,1,9,false
10.5285/dcb10aa8-1274-4214-ba24-7a0400613e9f,PDC,5,4,1,0,4,0,0,0,0,7,false
10.5285/e1d33b37-f1d4-4234-a0d5-8bf4e657f653,EIDC,11,10,1,10,0,0,0,10,0,13,false
10.5285/e44bbc45-9924-401b-a7b8-7939fbb61db2,PDC,7,6,1,1,5,0,0,2,1,9,false
10.5285/f3d9004a-e788-4104-a1a9-54fa80b533a1,PDC,2,1,1,1,0,0,0,1,0,2,false
10.5285/f4dfc0ee-4f61-47c5-a5a8-238e02ff2fdd,PDC,1,0,1,0,0,0,0,1,1,1,false
10.5285/f969f92f-baa6-4621-bf27-ea29409f16d0,EIDC,2,1,1,1,0,0,0,1,0,7,false
10.5285/f99ec964a6f345beadb000e295ac2e5b,CEDA,1,0,1,0,0,0,0,0,0,1,false
10.5285/f9ab3051-4f85-415f-b691-371ff8e951f2,EIDC,1,0,1,0,0,0,0,1,1,2,false
10.5285/fc0b10b9-6348-49e6-9e3a-71e76a4026e4,PDC,5,4,1,0,4,0,0,0,0,7,false
10.5285/0023bd6e-4dd7-462c-aacf-f13083b054ab,EIDC,3,3,0,2,0,1,0,3,1,5,true
10.5285/005f2e0aebc24ed98a9772a0ba3798e2,CEDA,1,1,0,1,0,0,0,2,1,3,true
10.5285/00601260-285e-4ffa-b381-340b51a7ec50,EIDC,0,0,0,0,0,0,0,4,4,5,true
10.5285/00895096-e083-498f-9a52-b7f9e3291125,EIDC,1,1,0,1,0,0,0,1,0,2,true
10.5285/009334d6-ee33-43fc-a259-bf4d92fb69dc,EIDC,1,1,0,1,0,0,0,1,0,2,true
10.5285/00cf7916-5c3f-42a2-8b98-38fa99b5aeb8,PDC,1,1,0,1,0,0,0,1,0,2,true
10.5285/00fe090efc58446e8980992a617f632f,CEDA,6,6,0,6,0,0,0,9,3,10,true
10.5285/00ff0c86-80c2-4bb4-a38b-1cef38ce80b3,EIDC,1,1,0,1,0,0,0,1,0,2,true
10.5285/01034680-e640-44a2-aab6-2044b4672a95,EIDC,1,1,0,1,0,0,0,1,0,2,true
10.5285/014eb74a-0458-35e7-e063-6c86abc0c0e4,BODC,0,0,0,0,0,0,0,1,1,1,true
10.5285/014f1c48-0838-49ca-b059-f084b13f4d5f,EIDC,1,1,0,1,0,0,0,4,3,5,true
10.5285/0171ccb2-1c0c-404f-b782-e7204a86a92f,EIDC,0,0,0,0,0,0,0,1,1,2,true
10.5285/0172cc8c-8b5c-46cf-b08a-785ab832e88c,EIDC,1,1,0,1,0,0,0,2,1,4,true
10.5285/01b00854797d44a59d57c8cce08821eb,CEDA,1,1,0,1,0,0,0,1,0,1,true
10.5285/01f26c07-ea6c-4d89-893e-d86247874e78,PDC,1,1,0,0,1,0,0,0,0,1,true
10.5285/0239cdaf-deab-4151-8f68-715063eaea45,EIDC,0,0,0,0,0,0,0,4,4,5,true
10.5285/024c5a61-5114-41a6-93b8-e3fb4d24622b,EIDC,1,1,0,1,0,0,0,1,0,2,true
10.5285/027b6432-f44d-41ab-b349-89fae673d5f5,EIDC,0,0,0,0,0,0,0,2,2,3,true
10.5285/0283c3e4-2164-4dfb-a066-0c49b816d7b6,PDC,1,1,0,1,0,0,0,2,1,2,true
10.5285/0298edcf-93b1-4a6c-9a81-d9c785149b39,PDC,1,1,0,1,0,0,0,1,0,1,true
10.5285/02c6f4eea9914e5c8a8390dd09e5709a,CEDA,0,0,0,0,0,0,0,1,1,1,true
10.5285/02c98a4f-8e20-4c48-8167-1cd5044c4afe,EIDC,2,2,0,2,0,0,0,6,4,8,true
10.5285/02e1b18071ad45a19b4d3e8adafa2817,CEDA,6,6,0,6,0,0,0,7,1,7,true
10.5285/0313090c-373e-4e2e-97f2-6cd0d4138e75,PDC,1,1,0,1,0,0,0,1,0,2,true
10.5285/03167d6f-a9cc-2e1a-e053-6c86abc0753b,BODC,26,26,0,26,0,0,0,26,0,26,true
10.5285/03167d6f-a9ce-2e1a-e053-6c86abc0753b,BODC,0,0,0,0,0,0,0,2,2,2,true
10.5285/032627e0-5780-4601-b9b3-e684403cee70,EIDC,0,0,0,0,0,0,0,2,2,3,true
10.5285/0387fd53-9fed-468e-bda9-0bde8f5fda13,NGDC,0,0,0,0,0,0,0,1,1,1,true
10.5285/03b62fd0-41e2-4355-9a06-1697117f0717,EIDC,2,2,0,2,0,0,0,3,1,4,true
10.5285/03c3180b-97ef-4923-86e1-7ac9eab99497,PDC,1,3,0,0,3,0,0,0,0,3,true
10.5285/0434c74c-4a8e-45b8-a187-13e422c0ed0f,EIDC,1,1,0,0,0,1,0,0,0,2,true
10.5285/043513e5-406c-4477-89aa-c96059acb232,EIDC,0,0,0,0,0,0,0,1,1,2,true
10.5285/047d914f-2a65-4e9c-b191-09abf57423db,EIDC,0,0,0,0,0,0,0,3,3,15,true
10.5285/04c79ece-3186-349a-e063-6c86abc0158c,BODC,12,12,0,12,0,0,0,20,8,25,true
10.5285/04c9ea44-4388-4239-b31e-47566ee5fd37,NGDC,1,1,0,1,0,0,0,2,1,2,true
10.5285/0502fe87-6a41-4529-b6c0-a9e5c30aadcb,PDC,1,1,0,1,0,0,0,2,1,2,true
10.5285/05047b98-26a0-4162-adaf-18f68f802d9f,EIDC,1,1,0,0,0,1,0,0,0,2,true
10.5285/05169766-7355-4c3c-8ade-091db0583f9d,EIDC,0,0,0,0,0,0,0,1,1,2,true
10.5285/053d6318-59b2-6aa8-e063-6c86abc06f23,BODC,1,1,0,1,0,0,0,1,0,1,true
10.5285/05569ed5-db0e-4587-807c-58e39ee240fa,NGDC,2,2,0,2,0,0,0,2,0,2,true
10.5285/0579d4a8-e315-41d7-af43-25fb50c7d3da,PDC,2,2,0,1,1,0,0,2,1,9,true
10.5285/05cae9ae-86c4-4a2f-a628-6c7fd0882459,EIDC,0,0,0,0,0,0,0,2,2,3,true
10.5285/05d3cbff-fa40-4c42-84e6-54ce6e7bbf5f,EIDC,1,1,0,1,0,0,0,2,1,3,true
10.5285/05db2c67-99f0-4556-86bf-58b0e84f4cd7,PDC,1,1,0,1,0,0,0,2,1,12,true
10.5285/05f21d1d-bf9c-5549-e063-6c86abc0b846,BODC,0,0,0,0,0,0,0,2,2,2,true
10.5285/05f8bd4b-97b1-43d0-a1c6-66aea7021aaf,PDC,0,0,0,0,0,0,0,1,1,1,true
10.5285/05fd4030-9c22-4bfe-91c2-0f63ac376ec1,PDC,1,1,0,1,0,0,0,1,0,3,true
10.5285/0613b74ecc574fa7b6ac8a22838c5f81,CEDA,0,0,0,0,0,0,0,1,1,1,true
10.5285/06193dee-0df1-4171-bc1b-4f41409a208c,PDC,1,1,0,0,1,0,0,0,0,6,true
10.5285/061fc7fd1ca940e7ad685daf146db08f,CEDA,4,4,0,4,0,0,0,4,0,15,true
10.5285/062ae7b9-e68b-4a34-808a-2731b15b9dfd,PDC,2,2,0,2,0,0,0,4,2,4,true
10.5285/0640f7af-516e-4cf3-9e09-8a6cd9f4b150,PDC,0,0,0,0,0,0,0,1,1,2,true
10.5285/065b9abc-1b5a-4fc6-aa57-9052428aa6ca,PDC,2,2,0,1,1,0,0,8,7,15,true
10.5285/065f6040ef08485db989cbd89d536167,CEDA,3,3,0,3,0,0,0,6,3,6,true
10.5285/0675a6fd-0c0e-43a0-a003-48e7954ca95b,PDC,3,3,0,1,2,0,0,1,0,3,true
10.5285/0683e320d8634a37aa1d9ef62dd41a0d,CEDA,2,2,0,2,0,0,0,2,0,3,true
10.5285/06bd25d5-fcd3-0f63-e063-6c86abc0481e,BODC,1,1,0,1,0,0,0,2,1,2,true
10.5285/06cc6b8f-9bd4-4ae4-af5d-65bcbd319e9f,EIDC,0,0,0,0,0,0,0,1,1,4,true
10.5285/06d7c463-298c-4c7e-a4c3-55d003aa91cb,EIDC,1,1,0,1,0,0,0,1,0,2,true
10.5285/06ea87f3-476d-40fd-acce-e6923e786d48,EIDC,1,1,0,1,0,0,0,2,1,4,true
10.5285/06fc0b8c-cc4a-4ea8-b4be-f8bd7ee25342,EIDC,3,3,0,3,0,0,0,3,0,4,true
10.5285/07727663-9b94-4069-a486-67e4d82177d3,PDC,1,1,0,1,0,0,0,2,1,2,true
10.5285/0779002b-b95d-432f-b035-b952c36aa5c9,PDC,2,2,0,2,0,0,0,2,0,2,true
10.5285/077e1f04-7068-4327-a4f2-71d863f70064,PDC,2,2,0,1,1,0,0,2,1,3,true
10.5285/0786d770-ba54-0e57-e063-6c86abc09fdf,BODC,1,1,0,1,0,0,0,1,0,1,true
10.5285/07896bb2-7078-468c-b56d-fb8b41d47065,EIDC,5,5,0,5,0,0,0,6,1,7,true
10.5285/07b6e5e9-b766-48e5-a28c-5b3e35abecc0,EIDC,7,7,0,7,0,0,0,12,5,26,true
10.5285/08223cdd-5e01-43ad-840d-15ff81e58acf,EIDC,1,1,0,1,0,0,0,2,1,3,true
10.5285/083f0a37e058495eaef542263198019f,CEDA,1,1,0,1,0,0,0,1,0,1,true
10.5285/0844186db1ba9e20319a2560f8d61651,CEDA,1,1,0,1,0,0,0,2,1,3,true
10.5285/084e0bc6-e67f-4dad-9de6-0c698f60e34d,EIDC,1,1,0,1,0,0,0,3,2,4,true
10.5285/085043be-4f39-4529-83a7-95173ff5a376,PDC,0,0,0,0,0,0,0,1,1,5,true
10.5285/0854f2de-137f-472f-9c0c-9ae1f69e7f19,EIDC,1,1,0,1,0,0,0,2,1,3,true
10.5285/0869d961-99ca-4946-9192-f35afccdda38,EIDC,0,0,0,0,0,0,0,1,1,2,true
10.5285/08b78c4b-cd3f-4eeb-a9eb-9c3e88812f16,EIDC,1,1,0,1,0,0,0,1,0,23,true
10.5285/08bfe302-d33f-490d-97be-27bb83a0f38d,EIDC,1,1,0,1,0,0,0,1,0,3,true
10.5285/08e01a9a-5881-4928-834d-c9d2677fc30a,PDC,14,14,0,1,13,0,0,1,0,15,true
10.5285/08fbe63d-fa6d-4a7a-b952-5932e3ab0452,CEDA,4,4,0,4,0,0,0,6,2,8,true
10.5285/09330d14-7f2d-4c12-ad00-08a9cd1fb214,PDC,0,0,0,0,0,0,0,1,1,3,true
10.5285/09511dd0-51db-0e21-e053-6c86abc09b95,BODC,1,1,0,1,0,0,0,1,0,1,true
10.5285/09760a3a-c2b5-250b-e053-6c86abc037c0,BODC,1,1,0,1,0,0,0,1,0,1,true
10.5285/0995e94d-6d42-40c1-8ed4-5090d82471e1,EIDC,18,18,0,18,0,0,0,38,20,40,true
10.5285/09ae86d6-896f-430f-aab4-c5b46c265213,EIDC,1,1,0,1,0,0,0,1,0,2,true
10.5285/0a1cac9c-1217-247e-e063-6c86abc0507c,BODC,1,1,0,1,0,0,0,2,1,2,true
10.5285/0a4b3c3b2d1f4510ba3544c1a81ee645,CEDA,1,1,0,1,0,0,0,1,0,2,true
10.5285/0a6d85d7-fc9c-4d68-a58d-e792f68ae9f4,PDC,2,2,0,2,0,0,0,8,6,15,true
10.5285/0a7d65e8-8bc8-46e5-ab72-ee64ed851583,EIDC,4,4,0,4,0,0,0,5,1,7,true
10.5285/0aa1ec0cf18e4065bdae8ae39260fe7d,CEDA,1,1,0,1,0,0,0,1,0,1,true
10.5285/0aa7911a-ab5f-4b08-a225-28b1e8344d01,EIDC,1,1,0,0,0,1,0,0,0,2,true
10.5285/0ac6249c-a6f2-4147-8ae9-50d576e85fc5,EIDC,20,20,0,20,0,0,0,20,0,21,true
10.5285/0ad1068f45724169afbe541b2525e81c,CEDA,1,1,0,1,0,0,0,2,1,3,true
10.5285/0aeba0c203c2447b9553a78f99d3a276,CEDA,0,0,0,0,0,0,0,1,1,1,true
10.5285/0b1faab4-3539-457f-9169-b0b1fbd59bc2,EIDC,3,3,0,3,0,0,0,4,1,5,true
10.5285/0b2759059ad6474098e40dad73e0a8ec,CEDA,1,1,0,1,0,0,0,1,0,2,true
10.5285/0b38c7f9-439d-34fb-e063-6c86abc02eca,BODC,1,1,0,1,0,0,0,1,0,1,true
10.5285/0b38ca70-9b8f-3660-e063-6c86abc0e6da,BODC,1,1,0,1,0,0,0,1,0,1,true
10.5285/0b931b16-796e-4ce4-8c64-d112f09293f7,EIDC,1,1,0,1,0,0,0,2,1,3,true
10.5285/0ba33e96-67cb-4650-b2bd-6ee13fa7de97,EIDC,1,1,0,1,0,0,0,1,0,2,true
10.5285/0be0aed3-f205-4f1f-a65d-84f8cfd8d50f,EIDC,1,1,0,1,0,0,0,1,0,5,true
10.5285/0be5339c-9d35-44c9-a10f-da4b5356840b,PDC,3,3,0,3,0,0,0,8,5,16,true
10.5285/0bfdeb32-db24-4221-9d02-f074f51edff2,NGDC,0,0,0,0,0,0,0,1,1,15,true
10.5285/0c04050d-ed79-4864-a164-5eb25f8c6ebd,EIDC,0,0,0,0,0,0,0,1,1,2,true
10.5285/0c123d4e-186f-48f5-8580-d0696b247287,EIDC,1,1,0,1,0,0,0,1,0,2,true
10.5285/0c18a36ee02a4598963c1f7f97acd201,CEDA,1,1,0,1,0,0,0,1,0,1,true
10.5285/0c3567a8-3700-4d52-a21f-de1bd709141a,EIDC,0,0,0,0,0,0,0,2,2,3,true
10.5285/0c93703a-c185-4dd9-b8d7-8d3698535245,EIDC,0,0,0,0,0,0,0,1,1,2,true
10.5285/0caf5c54-9a40-4a96-a39b-b5c9c2863271,PDC,2,2,0,2,0,0,0,2,0,8,true
10.5285/0cb3ef9d-944d-4169-8bce-bfb53d3a7a63,EIDC,2,2,0,2,0,0,0,4,2,27,true
10.5285/0cb61583-3985-4875-b141-5743e68abe35,PDC,3,3,0,0,3,0,0,1,1,17,true
10.5285/0cd4abd2-1bc9-48bc-b5c2-cebdeaa23ceb,EIDC,2,2,0,2,0,0,0,3,1,13,true
10.5285/0cea12bf-2f44-4d48-99d1-e7d303c5e80e,PDC,0,0,0,0,0,0,0,1,1,1,true
10.5285/0cea8d7aca57427fae92241348ae9b03,CEDA,3,3,0,3,0,0,0,5,2,6,true
10.5285/0ceb4f85-0bbf-49f0-ab70-cfc137ab7d4d,EIDC,3,3,0,3,0,0,0,3,0,7,true
10.5285/0cf552a6-cd62-4da0-8289-8e4bab0a35a8,PDC,1,1,0,1,0,0,0,1,0,2,true
10.5285/0cfd454a-d035-416c-80dc-803c65470ea2,EIDC,0,0,0,0,0,0,0,1,1,2,true
10.5285/0d124098-91a0-4018-a457-f08f0c758ef1,PDC,3,3,0,0,3,0,0,0,0,6,true
10.5285/0d88dc06fd514e8199cdd653f00a7be0,CEDA,0,0,0,0,0,0,0,1,1,9,true
10.5285/0da32d7f-eea1-4200-8fde-3a32d0d9ed05,EIDC,0,0,0,0,0,0,0,1,1,2,true
10.5285/0dc00069-8da8-474a-8993-b63ef5c25fb8,NGDC,1,1,0,1,0,0,0,2,1,2,true
10.5285/0dd364e74c254b64bb5fddb5dceed364,CEDA,1,1,0,1,0,0,0,1,0,2,true
10.5285/0de897cd-3aa3-45a3-8bff-3bff62c01f30,EIDC,1,1,0,1,0,0,0,1,0,2,true
10.5285/0df5d4e9-2fcd-4420-b403-24d76848a5a5,PDC,0,0,0,0,0,0,0,1,1,1,true
10.5285/0dfb14d6-73a9-4273-99ed-b231ca581b1d,PDC,0,0,0,0,0,0,0,1,1,3,true
10.5285/0e2bbef4-47db-43dc-849b-c7ce49d5bcec,EIDC,1,1,0,1,0,0,0,1,0,2,true
10.5285/0e346e1e1e164ac99c60098848537a29,CEDA,1,1,0,1,0,0,0,4,3,6,true
10.5285/0e35f96f-57e3-540b-e063-6c86abc06660,BODC,0,0,0,0,0,0,0,2,2,2,true
10.5285/0e99d57e-1757-451f-ac9d-92fd1256f02a,EIDC,9,9,0,9,0,0,0,18,9,19,true
10.5285/0ebffc86-ed32-5dde-e063-6c86abc08b3a,BODC,0,0,0,0,0,0,0,1,1,1,true
10.5285/0ec16a65-abdf-2822-e063-6c86abc06533,BODC,0,0,0,0,0,0,0,2,2,2,true
10.5285/0ec17274-7a64-2b28-e063-6c86abc0ee02,BODC,0,0,0,0,0,0,0,2,2,2,true
10.5285/0ec7e549-57d4-4e2d-b2d3-2199e1578d84,EIDC,6,6,0,6,0,0,0,12,6,13,true
10.5285/0eed5c99-f409-4329-a98e-47f496bb88a2,EIDC,0,0,0,0,0,0,0,2,2,3,true
10.5285/0f05c2fb8f814d60ac2d657a70e9a7f5,CEDA,1,1,0,1,0,0,0,1,0,2,true
10.5285/0f074839-1630-4ccd-aa63-84d0da16b28a,EIDC,1,1,0,1,0,0,0,1,0,2,true
10.5285/0f223636-0ded-4ea3-b300-0c20af9cd9fa,PDC,1,1,0,1,0,0,0,1,0,2,true
10.5285/0f2e16f3-48cb-4d52-ba73-7ebc44a1985b,PDC,1,1,0,0,1,0,0,0,0,1,true
10.5285/0f4d7d85-1e38-4e0e-80af-1fcd85267ffc,PDC,0,0,0,0,0,0,0,2,2,2,true
10.5285/0f6f5a45-d8af-4511-a264-b0b35ee34af6,PDC,5,7,0,2,5,0,0,3,1,12,true
10.5285/0f7e4448-ac5f-478d-83b4-408edc244f3b,NGDC,1,1,0,1,0,0,0,1,0,1,true
10.5285/0f90d926-99ce-43c9-b536-0c7791d1728b,PDC,6,6,0,1,5,0,0,3,2,14,true
10.5285/0fa51dc6-1537-4ad6-9d06-e476c137ed09,EIDC,5,5,0,5,0,0,0,11,6,15,true
10.5285/0fbb2c90-5b54-427a-a083-55c022802a80,EIDC,1,1,0,1,0,0,0,2,1,3,true
10.5285/0fdd7778-8563-49c0-b42d-85d9a599a56d,PDC,1,1,0,0,1,0,0,0,0,1,true
10.5285/10203f53-7471-4b8e-8177-74aef66bb432,NGDC,0,0,0,0,0,0,0,1,1,1,true
10.5285/10839b38-cc29-4a07-999a-ac32e3f70609,EIDC,2,2,0,2,0,0,0,3,1,4,true
10.5285/10874370-bc58-4d23-a118-ea07df8a07f2,EIDC,5,5,0,5,0,0,0,35,30,57,true
10.5285/10ae416c4ccb4a90bdb5da0bbf68d4f9,CEDA,1,1,0,1,0,0,0,1,0,1,true
10.5285/10c117b5-37ef-4651-b948-14be40cc8216,PDC,4,4,0,2,2,0,0,2,0,5,true
10.5285/10d3e3640f004c578403419aac167d82,CEDA,26,27,0,27,0,0,0,49,22,51,true
10.5285/10d419c8-8f65-4b85-a78a-3d6e0485fa1f,EIDC,0,0,0,0,0,0,0,2,2,3,true
10.5285/1158843c-d238-439a-ad42-9645f37ac582,PDC,1,1,0,0,1,0,0,1,1,4,true
10.5285/1159923a-e983-2bb1-e063-6c86abc061b9,BODC,1,1,0,1,0,0,0,1,0,1,true
10.5285/115d5e4ebf7148ec941423ec86fa9f26,CEDA,3,3,0,3,0,0,0,4,1,5,true
10.5285/116a5210-2d58-5ceb-e053-6c86abc0d420,BODC,0,0,0,0,0,0,0,2,2,8,true
10.5285/11d712e0-7456-4ea9-8af8-fe81a666e91b,EIDC,2,2,0,2,0,0,0,4,2,9,true
10.5285/11e5449d-2de7-40d8-8994-094238808625,PDC,1,1,0,0,1,0,0,1,1,6,true
10.5285/11e55bd0-782d-5013-e063-6c86abc043bb,BODC,1,1,0,1,0,0,0,1,0,1,true
10.5285/1221bbbd-843e-46d6-b96c-9c559aecfb20,PDC,1,1,0,0,1,0,0,1,1,4,true
10.5285/124b872e-036e-4dd3-8316-476b5f42c16e,EIDC,1,1,0,1,0,0,0,2,1,3,true
10.5285/1286b858-34a7-4ff2-84a1-a55e48d63e86,EIDC,0,0,0,0,0,0,0,1,1,2,true
10.5285/128c5e33-5224-4197-82f0-19dcc95b80a0,PDC,1,1,0,1,0,0,0,1,0,2,true
10.5285/12ed58d6-7bb8-3eae-e063-6c86abc0689c,BODC,1,1,0,1,0,0,0,1,0,1,true
10.5285/130369e1-d9c7-436c-bd0c-1ccde4844576,EIDC,2,2,0,2,0,0,0,2,0,3,true
10.5285/13695138-227f-4d85-9049-0a9cba9e1867,EIDC,1,1,0,1,0,0,0,1,0,2,true
10.5285/13896773-01e5-48e6-bfab-c319de46b221,EIDC,1,1,0,1,0,0,0,1,0,2,true
10.5285/13aed7ac-334f-4bb7-b476-4f1c3da45a13,EIDC,0,0,0,0,0,0,0,1,1,8,true
10.5285/13c05fe8-0d1d-49e5-b55e-5cf4ef241c70,NGDC,1,1,0,1,0,0,0,1,0,1,true
10.5285/13c4d2f1-8903-4d7f-8977-592121975554,PDC,6,6,0,0,6,0,0,1,1,7,true
10.5285/13d58735-4252-109d-e053-6c86abc0bae4,BODC,0,0,0,0,0,0,0,2,2,3,true
10.5285/13f3635174794bb98cf8ac4b0ee8f4ed,CEDA,12,12,0,12,0,0,0,21,9,22,true
10.5285/14274b67-86a5-4d9d-b3f4-20c6d20228d7,NGDC,1,1,0,1,0,0,0,1,0,1,true
10.5285/144ceb0d-9d76-4a39-aa01-7b94ac80fac9,PDC,2,2,0,1,1,0,0,1,0,15,true
10.5285/1461dbe5-50a8-425c-8c49-ac1f04bcc271,NGDC,1,1,0,1,0,0,0,2,1,2,true
10.5285/1467b446-54eb-45c1-8a31-f4af21e60e60,PDC,3,3,0,1,2,0,0,1,0,4,true
10.5285/147baf64-b9af-4a97-8091-26aec0d3c0bb,PDC,1,1,0,1,0,0,0,2,1,5,true
10.5285/1481bc63-80d7-4d18-bcba-8804aa0a9e1b,EIDC,1,1,0,1,0,0,0,2,1,3,true
10.5285/14b142da-9341-471b-af7a-8613f0fbbb25,PDC,20,20,0,0,20,0,0,0,0,21,true
10.5285/14da9c02-c5ec-4019-8e5c-06c744d8be9d,NGDC,0,0,0,0,0,0,0,1,1,1,true
10.5285/14dd5580eab9410fb3696340711b1d67,BODC,1,1,0,1,0,0,0,1,0,1,true
10.5285/14fb1745-00ed-4a0d-922b-d2c94157d17f,NGDC,1,1,0,1,0,0,0,1,0,1,true
10.5285/150c95f7-18bf-4f66-880b-8364b7257b26,NGDC,0,0,0,0,0,0,0,1,1,1,true
10.5285/1510b98d-2807-4d48-9156-43136ce8a3c3,PDC,5,5,0,0,5,0,0,0,0,5,true
10.5285/151a855f-d030-485b-a2dd-4ea874e59bf6,PDC,0,0,0,0,0,0,0,1,1,3,true
10.5285/1562578dd07844f19f01f0db9366106d,CEDA,0,0,0,0,0,0,0,1,1,1,true
10.5285/15a170dad3064fefa8936bd50877a93e,CEDA,1,1,0,1,0,0,0,2,1,2,true
10.5285/15deeb29cdcd4524b07560e5aad45ded,CEDA,1,1,0,1,0,0,0,1,0,6,true
10.5285/15f415db-e87b-4ab5-a2fb-37a78e7bf051,EIDC,4,4,0,4,0,0,0,8,4,9,true
10.5285/1671e9c4-74e9-41ba-e063-6c86abc0609a,BODC,0,0,0,0,0,0,0,1,1,1,true
10.5285/1671ebc4-ab81-435b-e063-6c86abc06b9d,BODC,0,0,0,0,0,0,0,1,1,1,true
10.5285/16b26b21-98ce-4c26-8b9e-c80c91403d9e,EIDC,1,1,0,1,0,0,0,1,0,2,true
10.5285/16df35a9-90ab-4273-8b6c-5ef3648ec76d,EIDC,1,1,0,1,0,0,0,1,0,2,true
10.5285/16ee2665-d0d0-41b9-a046-23b0a7369c61,PDC,1,1,0,1,0,0,0,1,0,2,true
10.5285/171726739bb54d0ba84cdde15c5b17ae,CEDA,0,0,0,0,0,0,0,1,1,1,true
10.5285/178ec50d-1ffb-42a4-a4a3-1145419da2bb,PDC,1,1,0,1,0,0,0,2,1,2,true
10.5285/17b9c4f7-1c30-4b6f-b2fe-f7780159939c,EIDC,11,11,0,11,0,0,0,18,7,19,true
10.5285/17bebd7e-d342-49fd-b631-841ff148ecb0,EIDC,2,2,0,2,0,0,0,3,1,4,true
10.5285/17c2ce31784048de93996275ee976fff,CEDA,6,6,0,6,0,0,0,8,2,13,true
10.5285/17c400f1-ed6d-4d5a-a51f-aad9ee61ce3d,PDC,1,1,0,1,0,0,0,3,2,5,true
10.5285/17d83baf50a644d89a4fb78ca6cccec1,CEDA,0,0,0,0,0,0,0,1,1,1,true
10.5285/180a1c76-bceb-4264-872b-deddfe67b3de,EIDC,4,4,0,4,0,0,0,10,6,11,true
10.5285/180f1c51a22f4fc48c947d33f6c0815e,CEDA,1,1,0,1,0,0,0,1,0,2,true
10.5285/181a7dd5-0fd4-482a-afce-0fa6875b5fb3,EIDC,2,2,0,0,0,2,0,0,0,4,true
10.5285/1846aa2c-7617-4daf-9928-60a336e256a6,PDC,6,6,0,1,5,0,0,1,0,11,true
10.5285/18849325-358b-4af1-b20d-d750b1c723a3,EIDC,1,1,0,1,0,0,0,2,1,3,true
10.5285/18886f95ba84447f997efac96df456ad,CEDA,0,0,0,0,0,0,0,2,2,3,true
10.5285/18939865-d863-498b-b4cb-5661eaeadcfc,EIDC,1,1,0,1,0,0,0,1,0,2,true
10.5285/189823ed-6a14-4eba-87fb-38ba3e5e30fb,PDC,6,6,0,0,6,0,0,0,0,6,true
10.5285/18a8be08-07c6-d76c-e063-7086abc01604,BODC,1,1,0,1,0,0,0,1,0,1,true
10.5285/18b7c387-037d-4949-98bc-e8db5ef4264c,EIDC,2,2,0,2,0,0,0,4,2,12,true
10.5285/18be23f8-d252-482d-8af9-5d6a2d40990c,CEDA,13,13,0,13,0,0,0,28,15,28,true
10.5285/18be3704-0a6d-4917-aa2e-bf38927321c5,EIDC,1,1,0,1,0,0,0,4,3,11,true
10.5285/18c8cbf3-ed55-4065-b52b-b2a4c2ffdf1c,EIDC,1,1,0,1,0,0,0,1,0,2,true
10.5285/18cdeee4-38cf-4d15-a141-a99a53e17095,EIDC,1,1,0,1,0,0,0,1,0,2,true
10.5285/18ef8247f52a4cb6a14013f8235cc1eb,CEDA,16,16,0,16,0,0,0,26,10,26,true
10.5285/191bbdb4-0d36-40b0-ab23-8079f23a1479,PDC,1,1,0,0,1,0,0,0,0,1,true
10.5285/1957166d-7523-44f4-b279-aa5314163237,EIDC,5,5,0,5,0,0,0,8,3,9,true
10.5285/19845e8e-d6ef-4f95-8961-4da60f8294d3,PDC,1,1,0,1,0,0,0,1,0,1,true
10.5285/1998da32-a978-41a4-8a66-81df1e625cca,EIDC,1,1,0,1,0,0,0,1,0,2,true
10.5285/19babe1c-b3a3-488c-b4fe-ebb4ab9237d8,EIDC,1,1,0,1,0,0,0,2,1,3,true
10.5285/19be1a45-c457-40af-a582-395257d7a3b0,EIDC,0,0,0,0,0,0,0,1,1,2,true
10.5285/1a1000a8-4e7e-4851-8784-94c7ba3e164f,EIDC,0,0,0,0,0,0,0,1,1,2,true
10.5285/1a23bbc3-b73e-469d-b540-c6b6141de77e,PDC,2,2,0,0,2,0,0,0,0,3,true
10.5285/1a266e7b-ef8d-4db7-8e7c-155be21d17cd,PDC,4,4,0,1,3,0,0,1,0,4,true
10.5285/1a4e8d59-e112-4de6-a06b-9ea47ff15815,EIDC,1,1,0,1,0,0,0,1,0,3,true
10.5285/1a774e53-7383-2e9a-e053-6c86abc0d8c7,BODC,2,2,0,2,0,0,0,14,12,22,true
10.5285/1a86e0326e1346febf121eca83bf1f08,CEDA,1,1,0,1,0,0,0,1,0,2,true
10.5285/1a916a0a-adcd-4565-9de9-b535000fd6f8,PDC,5,5,0,0,5,0,0,0,0,5,true
10.5285/1a91c7d1-ec44-4858-9af2-98d80f169bbd,EIDC,5,5,0,5,0,0,0,8,3,9,true
10.5285/1acea44e-44da-4225-8e98-203d742a0a82,PDC,0,0,0,0,0,0,0,1,1,1,true
10.5285/1ad461f3-ac80-447f-9e68-d755bd3e7fb6,PDC,2,2,0,1,1,0,0,1,0,2,true
10.5285/1b228b42-42f8-4aee-b964-2c92a21d5556,EIDC,1,1,0,1,0,0,0,1,0,12,true
10.5285/1b4ab7bc-4272-4b16-a642-565e40544b0a,PDC,2,2,0,1,1,0,0,3,2,4,true
10.5285/1b64b008-8c20-4dd4-bf54-bf1894767a56,EIDC,1,1,0,1,0,0,0,1,0,2,true
10.5285/1bb90673-ad37-4679-90b9-0126109639a9,EIDC,8,8,0,8,0,0,0,16,8,20,true
10.5285/1be1912a-916e-42c0-98cc-16460fac00e8,EIDC,4,4,0,4,0,0,0,15,11,30,true
10.5285/1c44ce99-0a0d-5f4f-e063-7086abc0ea0f,BODC,97,98,0,98,0,0,0,131,33,131,true
10.5285/1c4f835c-d243-4593-a9b4-71410b9b4bf0,EIDC,1,1,0,1,0,0,0,1,0,2,true
10.5285/1c5cf317-2f03-4fef-b060-9eccbb4d9c21,EIDC,1,1,0,1,0,0,0,1,0,8,true
10.5285/1c8fb7fb-aa2d-467e-bff4-66b93cc033ac,PDC,1,1,0,0,1,0,0,0,0,2,true
10.5285/1c9367fb-ea87-47a1-8257-d9fed54215e7,EIDC,2,2,0,2,0,0,0,3,1,5,true
10.5285/1c99f7ad-6ae3-4891-801c-e3babdb61887,EIDC,30,30,0,30,0,0,0,30,0,32,true
10.5285/1cc5dcdb-e894-4973-a5b5-7a38a6cfc770,EIDC,0,0,0,0,0,0,0,1,1,2,true
10.5285/1ce52c10-e3ab-4996-b9b7-052c70b3c1ba,EIDC,1,1,0,1,0,0,0,1,0,2,true
10.5285/1cf37889-9f77-41b9-8c49-b175fbd03406,PDC,0,0,0,0,0,0,0,1,1,1,true
10.5285/1d1e4253-552a-421e-9bdc-20d70f683cc5,PDC,0,0,0,0,0,0,0,1,1,1,true
10.5285/1d4233e0-58e4-637e-e053-6c86abc0ad64,BODC,0,0,0,0,0,0,0,1,1,1,true
10.5285/1d4a3bf0-feab-465c-e063-7086abc0ef74,BODC,0,0,0,0,0,0,0,2,2,2,true
10.5285/1d554ff41c104491ac3661c6f6f52aab,CEDA,1,1,0,1,0,0,0,2,1,3,true
10.5285/1d567a64-0ef7-4120-ba8c-3f5ce1d29da2,PDC,1,1,0,0,1,0,0,2,2,6,true
10.5285/1d70803fab8f46ba983b730ede52421f,CEDA,1,1,0,1,0,0,0,1,0,1,true
10.5285/1d773056-4798-4b0b-9e15-0e53fb8cefd4,PDC,2,2,0,1,1,0,0,1,0,4,true
10.5285/1d78e01a-a9c1-4371-8482-1c1b57d9661f,EIDC,10,10,0,10,0,0,0,22,12,44,true
10.5285/1db7f188-6c3e-46cf-a3bf-e39dbd77e14c,PDC,1,1,0,1,0,0,0,1,0,7,true
10.5285/1dbc9294-4e65-6530-e053-6c86abc09fb2,BODC,25,25,0,25,0,0,0,25,0,29,true
10.5285/1dbe7a109c0244aaad713e078fd3059a,CEDA,22,22,0,22,0,0,0,42,20,45,true
10.5285/1de49dab-c36e-4700-8b15-93a639ae4d55,EIDC,1,1,0,1,0,0,0,3,2,4,true
10.5285/1de712d3-081e-4b44-b880-b6a1ebf9fcd8,EIDC,2,2,0,1,0,1,0,1,0,3,true
10.5285/1e050028-5c55-42f4-a0ea-c895d827b824,EIDC,2,2,0,2,0,0,0,4,2,5,true
10.5285/1e57032c-327a-49c7-bb2e-43921dc116e2,EIDC,0,0,0,0,0,0,0,1,1,5,true
10.5285/1e9993ae-add7-497a-b54b-745b0fc6a7ca,EIDC,1,1,0,1,0,0,0,1,0,7,true
10.5285/1e9c4caa-b936-fc7c-e063-7086abc06ff6,BODC,1,1,0,1,0,0,0,1,0,2,true
10.5285/1ec0cae5-071d-16e1-e053-6c86abc07d47,BODC,0,0,0,0,0,0,0,3,3,5,true
10.5285/1ec13364-cbc6-4ab5-a147-45a103853424,EIDC,1,1,0,1,0,0,0,2,1,3,true
10.5285/1ee56c42cf6c4ef698693e00a63795f4,CEDA,0,0,0,0,0,0,0,1,1,2,true
10.5285/1efc0048-5f0f-4ae7-a3a6-7728fe2ccf48,PDC,1,1,0,1,0,0,0,1,0,1,true
10.5285/1f44795b-e596-433c-b69f-caf674880daa,PDC,2,2,0,2,0,0,0,2,0,4,true
10.5285/1f4555d2589841a8a4bbbf1fe42f54c8,CEDA,1,1,0,1,0,0,0,1,0,6,true
10.5285/1f69fba3-4c62-47ad-8119-08cfeec05e46,PDC,1,1,0,1,0,0,0,2,1,4,true
10.5285/1f70d2a9-b0d7-4403-bcb9-2cd884222a9c,PDC,1,1,0,1,0,0,0,1,0,2,true
10.5285/1fa89ba7-a904-43a8-a98d-ff887584221a,PDC,0,0,0,0,0,0,0,1,1,2,true
10.5285/1fd5bc8a-96b5-4f53-aa15-33e5330e7705,PDC,2,2,0,1,1,0,0,1,0,3,true
10.5285/1fd6ab5a-3139-4a12-99d3-2ba0c0213744,PDC,1,1,0,0,1,0,0,0,0,1,true
10.5285/1feecc3c-a422-5d7d-e053-6c86abc0435d,BODC,0,0,0,0,0,0,0,1,1,1,true
10.5285/2031310d-1e35-4ea1-a1cc-cd318e82d394,PDC,3,3,0,0,3,0,0,0,0,7,true
10.5285/2083b33b5c3d4cf0acb9a49226789caa,CEDA,1,1,0,1,0,0,0,2,1,5,true
10.5285/20ec12f5d1f94e99aff2ed796264ee65,CEDA,2,2,0,2,0,0,0,4,2,4,true
10.5285/211710ac-f01b-4b52-807f-373babb1c368,EIDC,0,0,0,0,0,0,0,3,3,4,true
10.5285/215a1e9b-428b-52f5-e053-6c86abc06d17,BODC,0,0,0,0,0,0,0,1,1,10,true
10.5285/2170ebd0-7e6f-4871-97d9-1d42e210468f,EIDC,1,1,0,1,0,0,0,2,1,3,true
10.5285/21a8fca5-8eae-48e4-93c0-bc6b4433e34c,PDC,1,1,0,0,0,1,0,0,0,1,true
10.5285/21b3d4fa-0edf-4b05-b762-b4633616b0bc,PDC,0,0,0,0,0,0,0,1,1,5,true
10.5285/21dd0e19-87de-4e4e-8f51-17615b866503,NGDC,0,0,0,0,0,0,0,1,1,1,true
10.5285/21df678b-6eb6-4559-9005-8eb7953b48ef,EIDC,1,1,0,1,0,0,0,1,0,2,true
10.5285/21e9ef8a-7562-4b9e-e053-6c86abc0ccb8,BODC,0,0,0,0,0,0,0,1,1,6,true
10.5285/22235f1a-b7f3-687f-e053-6c86abc0c8a6,BODC,0,0,0,0,0,0,0,2,2,3,true
10.5285/22272b8e-1aa3-483b-9867-224fe02db4e8,PDC,0,0,0,0,0,0,0,1,1,4,true
10.5285/223b34a3-2dc5-c945-e063-7086abc0f274,BODC,9,9,0,9,0,0,0,13,4,13,true
10.5285/224003cc-8f77-4980-8cac-5574e179e4f8,PDC,1,1,0,1,0,0,0,1,0,1,true
10.5285/2262690a-b588-4704-b459-39e05527b59a,CEDA,1,1,0,1,0,0,0,4,3,4,true
10.5285/2282b4aeb9f24bc3a1e0961e4d545427,CEDA,1,1,0,1,0,0,0,4,3,11,true
10.5285/22b3d41e-7c35-4c51-9e55-0f47bb845202,EIDC,6,6,0,6,0,0,0,12,6,13,true
10.5285/22b54764-2448-1318-e053-6c86abc01ae1,BODC,19,19,0,19,0,0,0,19,0,19,true
10.5285/22df6602b5064b1686dda7e9455f86fc,CEDA,0,0,0,0,0,0,0,1,1,2,true
10.5285/2317515c-05c0-6d14-e053-6c86abc0690e,BODC,0,0,0,0,0,0,0,1,1,4,true
10.5285/2317515c-05c1-6d14-e053-6c86abc0690e,BODC,0,0,0,0,0,0,0,1,1,1,true
10.5285/233090b2-1d14-4eb9-9f9c-3923ea2350ff,EIDC,4,4,0,4,0,0,0,10,6,16,true
10.5285/233cf64c54e946e0bb691a07970ec245,CEDA,0,0,0,0,0,0,0,2,2,3,true
10.5285/236cbe3a-5f05-4cef-8e92-7145b0190f0b,PDC,20,20,0,0,20,0,0,0,0,21,true
10.5285/2392b266-126b-db3f-e063-7086abc0fe00,BODC,1,1,0,1,0,0,0,1,0,1,true
10.5285/24200dba-d0f4-4be4-ae6f-2c6ec1147fa4,EIDC,1,1,0,1,0,0,0,1,0,2,true
10.5285/24489399-5c99-4050-93ee-58ac4b09341a,EIDC,1,1,0,1,0,0,0,1,0,2,true
10.5285/249034d3-2f4d-42c6-a3cd-113ff3a960c5,EIDC,0,0,0,0,0,0,0,1,1,2,true
10.5285/249a90ec-238b-4038-a706-6633c3690d20,EIDC,1,1,0,1,0,0,0,1,0,2,true
10.5285/249ce261-284c-4e26-bcab-1a57cee7de5e,PDC,5,5,0,0,5,0,0,0,0,5,true
10.5285/24c097cf77474644a4b3b17286abcd91,CEDA,1,1,0,1,0,0,0,1,0,3,true
10.5285/24e8e9c6-f9fa-4758-951f-9160bb0dde6e,EIDC,0,0,0,0,0,0,0,1,1,2,true
10.5285/252b6a14-8a0e-4a6f-a879-99dff46fec71,EIDC,0,0,0,0,0,0,0,1,1,2,true
10.5285/255320dd-38ae-4a07-93bb-4f90439309f8,EIDC,0,0,0,0,0,0,0,1,1,2,true
10.5285/25832456-8394-415b-a090-b9f7338c08ce,PDC,4,4,0,0,4,0,0,0,0,5,true
10.5285/2588ee91-6cbd-4888-86fc-81858d1bf085,EIDC,1,1,0,1,0,0,0,1,0,4,true
10.5285/25c6451b-5c88-40da-9a63-c3ec473e4874,EIDC,3,3,0,3,0,0,0,7,4,13,true
10.5285/25d34c83-e939-40fd-aa16-6962efb4c731,EIDC,0,0,0,0,0,0,0,1,1,2,true
10.5285/25f1dfeed5224e26a132bba15bb91f38,CEDA,0,0,0,0,0,0,0,2,2,2,true
10.5285/25f891f0-8d7a-11e2-941d-1803734a77fb,BODC,0,0,0,0,0,0,0,2,2,2,true
10.5285/2636c7e1-ec8c-4b77-9f4e-f731781191ca,EIDC,1,1,0,1,0,0,0,1,0,2,true
10.5285/2636f5fa-d9f0-488e-8043-45dec66481bc,NGDC,0,0,0,0,0,0,0,1,1,1,true
10.5285/2641515f-5b76-445c-a936-1da51bf365ad,EIDC,1,1,0,1,0,0,0,1,0,2,true
10.5285/2696535e-564a-4c6a-877e-515996fa97a1,EIDC,0,0,0,0,0,0,0,1,1,2,true
10.5285/26a0f46c95ee4c29b5c650b129aab788,CEDA,7,7,0,7,0,0,0,8,1,8,true
10.5285/26b35c45-c174-4930-b82c-bcd0d23c39e1,EIDC,0,0,0,0,0,0,0,1,1,2,true
10.5285/26b8ddd4-09fd-4e40-a556-6a8f3a7481ea,EIDC,1,1,0,1,0,0,0,1,0,2,true
10.5285/26ce15dd-f994-40e0-8a09-5f257cc1f2ab,EIDC,2,2,0,2,0,0,0,5,3,10,true
10.5285/26e79792-5ffc-4116-9ac7-72193dd7f191,EIDC,4,4,0,4,0,0,0,4,0,5,true
10.5285/2702e1b0-13df-4ae4-9f91-4ac4bd07bbf1,EIDC,1,1,0,1,0,0,0,1,0,2,true
10.5285/270714e6-f141-4c01-8a13-2bdfaca80ced,PDC,1,1,0,1,0,0,0,1,0,1,true
10.5285/2733f2ad-e111-4b21-b695-c9452e4548a1,PDC,1,1,0,1,0,0,0,1,0,1,true
10.5285/274b49bd-40a4-4e5d-bd5f-69a1ba09d403,PDC,0,0,0,0,0,0,0,1,1,2,true
10.5285/2787230b963942009e452255a3880609,CEDA,1,1,0,1,0,0,0,1,0,3,true
10.5285/279558cd-20fb-4f19-8077-4400817a4482,EIDC,2,2,0,2,0,0,0,5,3,6,true
10.5285/27e550f2-81ff-6bf8-e063-7086abc04f4f,BODC,1,1,0,1,0,0,0,1,0,1,true
10.5285/27e7df36-d689-4803-93b4-c15935693b83,EIDC,0,0,0,0,0,0,0,1,1,2,true
10.5285/281e698f-0f1a-46fe-a13c-dece55f9f052,PDC,0,0,0,0,0,0,0,1,1,1,true
10.5285/28208be4-0163-45e6-912c-2db205126925,EIDC,0,0,0,0,0,0,0,2,2,4,true
10.5285/284a411e-2639-93de-e063-7086abc0e9d8,BODC,1,1,0,1,0,0,0,1,0,2,true
10.5285/2883aaf1-6148-49cb-904a-d271a028c716,EIDC,0,0,0,0,0,0,0,1,1,2,true
10.5285/28935552223242ca97953a8db99c2821,CEDA,1,1,0,1,0,0,0,2,1,4,true
10.5285/289805c2-4be7-4fb5-b6ec-1539ed88c43d,EIDC,2,2,0,2,0,0,0,5,3,27,true
10.5285/28e3b21f-bf4b-46a6-8559-f69d69c63a48,PDC,1,3,0,0,3,0,0,2,2,6,true
10.5285/28e889210f884b469d7168fde4b4e54f,CEDA,1,1,0,1,0,0,0,6,5,13,true
10.5285/295ee0ee59ee43439de38f83bb818b4f,BODC,1,1,0,1,0,0,0,1,0,1,true
10.5285/2969776d-0b59-4435-a746-da50b8fd62a3,EIDC,1,1,0,1,0,0,0,1,0,2,true
10.5285/29726cda-09f5-4661-8fd4-ddaa5555466a,EIDC,0,0,0,0,0,0,0,2,2,3,true
10.5285/2998b066-6a35-4e4f-ae39-16838781856b,EIDC,0,0,0,0,0,0,0,1,1,2,true
10.5285/299b1bb28eaa440f9a36e9786adfe398,CEDA,1,1,0,1,0,0,0,1,0,3,true
10.5285/299e2779-0787-46bb-9482-03ad474eae27,EIDC,0,0,0,0,0,0,0,1,1,2,true
10.5285/29bf1c9f-a39a-452c-b9f9-de35d9fb9179,PDC,1,1,0,0,1,0,0,0,0,5,true
10.5285/29c4af5986ba4b9c8a3cfc33ca8d7c85,CEDA,1,1,0,1,0,0,0,1,0,7,true
10.5285/29cd5386-bc2e-4d70-a6a5-0d7dc7513dc6,EIDC,0,0,0,0,0,0,0,1,1,3,true
10.5285/29ced467-8e03-4132-83b9-dc2aa50537cd,EIDC,1,1,0,1,0,0,0,3,2,4,true
10.5285/29d6345f-9f53-4894-8f60-80843f49c017,EIDC,2,2,0,0,0,2,0,1,1,4,true
10.5285/2a353d2d-c1b9-4bf7-8702-9e78910844bc,EIDC,2,2,0,2,0,0,0,5,3,6,true
10.5285/2a62652a4fe6412693123dd6328f6dc8,CEDA,6,6,0,6,0,0,0,6,0,34,true
10.5285/2a7ed1a6-4749-457b-86a3-e876d849338d,NGDC,1,1,0,1,0,0,0,2,1,2,true
10.5285/2a932995-f040-4724-ad21-3e92ae8a2540,EIDC,1,1,0,0,0,1,0,0,0,3,true
10.5285/2ab0b6d8-6558-46cf-9cf0-1e46b3587f13,EIDC,5,5,0,5,0,0,0,12,7,34,true
10.5285/2ab15bf0-ad08-415c-ba64-831168be7293,EIDC,8,8,0,8,0,0,0,19,11,26,true
10.5285/2ae27286-5730-42e4-a415-b62504b493c0,PDC,5,5,0,2,3,0,0,2,0,6,true
10.5285/2b0afaea-6931-4a7a-b72f-23feeed2d22a,PDC,1,1,0,0,1,0,0,0,0,3,true
10.5285/2b285f04-ffd1-4da4-a742-0306e7a8e40c,EIDC,0,0,0,0,0,0,0,1,1,2,true
10.5285/2b33895b-5069-4c49-95bd-2624c980498b,PDC,3,3,0,1,2,0,0,2,1,6,true
10.5285/2b9f0e9f-34ec-4467-9e02-abc771070cd9,PDC,0,0,0,0,0,0,0,1,1,6,true
10.5285/2bd9bd0e-2c52-4767-ae2e-9c70ba8c358d,EIDC,1,1,0,1,0,0,0,1,0,2,true
10.5285/2be8f599-592c-5de2-e063-7086abc02acd,BODC,1,1,0,1,0,0,0,1,0,1,true
10.5285/2bfdede9-8008-4ba3-ac8e-af4e6ab9888b,EIDC,0,0,0,0,0,0,0,1,1,2,true
10.5285/2c261013-9a0e-447d-a5bb-b506610b14ff,PDC,3,3,0,0,3,0,0,1,1,8,true
10.5285/2c313c0b-7cf4-4206-8cd1-adc8d0530794,PDC,2,2,0,1,1,0,0,1,0,2,true
10.5285/2c433c5b-8d15-49a7-aae7-b1f027d17e0e,EIDC,0,0,0,0,0,0,0,2,2,3,true
10.5285/2c43ba3c-d821-442c-989b-754451d72091,EIDC,0,0,0,0,0,0,0,1,1,5,true
10.5285/2c6f3201f01d4346a97ff8f08a8c15c9,BODC,1,1,0,1,0,0,0,1,0,1,true
10.5285/2ce7fc22-1b6e-4979-968f-42058c0120fb,NGDC,0,0,0,0,0,0,0,8,8,8,true
10.5285/2cf25580-9b79-440f-8505-6230dd377877,PDC,0,0,0,0,0,0,0,1,1,6,true
10.5285/2cfa78b1-b7a1-411d-89e5-90490482be79,PDC,1,1,0,0,1,0,0,0,0,1,true
10.5285/2d023ce9-6dbe-4b4f-a0cd-34768e1455ae,EIDC,2,2,0,2,0,0,0,4,2,5,true
10.5285/2d0e4791-8e20-46a3-80e4-f5f6716025d2,PDC,0,0,0,0,0,0,0,2,2,2,true
10.5285/2d0f8bb3927b4f75ae75276705858f68,CEDA,1,1,0,1,0,0,0,3,2,5,true
10.5285/2d1613955e1b4cd1b156e5f3edbd7e66,CEDA,2,2,0,2,0,0,0,2,0,3,true
10.5285/2d751cab-c7a5-2a4a-e063-7086abc0a053,BODC,0,0,0,0,0,0,0,1,1,1,true
10.5285/2d751fa0-9a38-2aa0-e063-7086abc0c3e0,BODC,0,0,0,0,0,0,0,1,1,1,true
10.5285/2d8a4b45-e21f-47d4-8279-b4362489301e,PDC,1,1,0,0,1,0,0,0,0,2,true
10.5285/2d9162f949e042adbdd6ec82c910ee5b,CEDA,0,0,0,0,0,0,0,1,1,9,true
10.5285/2dc9d53fa44e41c1b25f06c3a1be2374,CEDA,1,1,0,1,0,0,0,1,0,2,true
10.5285/2dcc08e9-d8e6-4675-b78d-a318efc799d8,EIDC,1,1,0,1,0,0,0,1,0,2,true
10.5285/2dd66461-94af-458f-a9d2-c24bb0bd0322,PDC,1,1,0,1,0,0,0,1,0,7,true
10.5285/2ddf56e5-fbcd-48a3-b4a5-fe2a7d5c90a4,EIDC,0,0,0,0,0,0,0,1,1,2,true
10.5285/2de087c9-cee3-87f4-e063-7086abc0f9a9,BODC,1,1,0,1,0,0,0,1,0,1,true
10.5285/2e0a9d33-56f6-622d-e063-7086abc06e59,BODC,2,2,0,2,0,0,0,2,0,2,true
10.5285/2e0aa2c7-6331-62b9-e063-7086abc06891,BODC,2,2,0,2,0,0,0,2,0,2,true
10.5285/2e36fe8eb7ee4bd0a0833d3e1edd795a,CEDA,0,0,0,0,0,0,0,1,1,3,true
10.5285/2e5a5010-4abd-2beb-e063-7086abc0b159,BODC,1,1,0,1,0,0,0,1,0,1,true
10.5285/2e698a2f-a288-70a5-e063-7086abc072aa,BODC,0,0,0,0,0,0,0,1,1,1,true
10.5285/2e870dac-9eb1-4f1d-a5ff-fe18090afd79,PDC,20,20,0,0,20,0,0,0,0,21,true
10.5285/2ec864e0-cb08-44c0-92fe-07af2ef93e3a,NGDC,0,0,0,0,0,0,0,1,1,1,true
10.5285/2edf6c47-fd18-4540-b449-b78d12422193,NGDC,1,1,0,1,0,0,0,1,0,15,true
10.5285/2ef1c932-1fd2-4593-a793-f37815ab6f82,PDC,1,1,0,1,0,0,0,1,0,7,true
10.5285/2efa9bf4-e5c0-42f9-8fcb-90dca2bb9c66,EIDC,1,1,0,1,0,0,0,1,0,3,true
10.5285/2efac82b-2438-4806-999d-374663210c34,EIDC,0,0,0,0,0,0,0,1,1,2,true
10.5285/2efd24f9-e745-4f54-8bbd-6439b0ad93e5,EIDC,1,1,0,1,0,0,0,1,0,2,true
10.5285/2f131971-97c7-4901-91fe-4c970545edbf,PDC,1,1,0,1,0,0,0,1,0,1,true
10.5285/2f1d9204781e471cb76c2c4fdf3a0383,CEDA,1,1,0,1,0,0,0,1,0,1,true
10.5285/2f49911c-192c-4f09-a1a2-72a21f20706c,EIDC,1,1,0,1,0,0,0,1,0,2,true
10.5285/2f5f6c0a-4949-4153-8b22-a86337235a77,PDC,1,1,0,0,1,0,0,0,0,1,true
10.5285/2f711e25-8043-4a12-ab66-a52d4e649532,EIDC,1,1,0,1,0,0,0,3,2,10,true
10.5285/2f835517-253e-4697-b774-ab6ff2c0d3da,EIDC,1,1,0,1,0,0,0,3,2,10,true
10.5285/2fb02ed4-5f50-4c14-aeec-27ee13aafc38,NGDC,1,1,0,1,0,0,0,1,0,1,true
10.5285/2fd95199-365e-4da1-ae26-3b6d48b3e6ac,PDC,6,6,0,0,6,0,0,2,2,12,true
10.5285/2fe84b80-117a-4b19-a1f5-71bbd1dba9c9,EIDC,3,3,0,3,0,0,0,4,1,5,true
10.5285/304a7a40-1388-49f5-b3ac-709129406399,EIDC,4,4,0,4,0,0,0,6,2,20,true
10.5285/306246329ae04eb3b2299446d911530a,CEDA,1,1,0,1,0,0,0,1,0,1,true
10.5285/30bba6e1-de1e-4ef9-97a6-d64e9eaca820,PDC,0,0,0,0,0,0,0,1,1,2,true
10.5285/30f96898-c12a-4783-8a31-0628b74a616a,PDC,1,1,0,1,0,0,0,1,0,2,true
10.5285/311daad4-bc8c-485a-bc8a-e0d054889219,EIDC,1,1,0,1,0,0,0,2,1,3,true
10.5285/3155805f-6d8b-4a27-8dbf-91f2c10a4ba7,PDC,1,1,0,0,1,0,0,1,1,2,true
10.5285/315740b1-a7b9-4cf0-9521-86f046e33e9a,PDC,1,1,0,1,0,0,0,2,1,2,true
10.5285/315d8e013696420192f1ea1d9191ca9c,CEDA,0,0,0,0,0,0,0,1,1,1,true
10.5285/31a23a7fbb2c40828e8af2fd479b683e,CEDA,1,1,0,1,0,0,0,1,0,2,true
10.5285/31ae71aa-74a9-466b-9a3a-25d2b1a9406e,EIDC,1,1,0,1,0,0,0,1,0,2,true
10.5285/31cc5cec-d33b-4dd6-a932-061ff947e708,EIDC,2,2,0,2,0,0,0,2,0,3,true
10.5285/31da0a94-62be-47b3-b76e-4bdef3037360,EIDC,2,2,0,2,0,0,0,3,1,7,true
10.5285/321869e2-e2d2-4e67-ba28-e961ad8bb79f,NGDC,0,0,0,0,0,0,0,1,1,1,true
10.5285/32392c33-8cbe-434a-a582-ab8425a5062c,EIDC,0,0,0,0,0,0,0,1,1,2,true
10.5285/324137d3-cfc5-4cf6-a360-1a293a3e9ed6,PDC,1,1,0,1,0,0,0,2,1,32,true
10.5285/32533dd6-7c1b-43e1-b892-e80d61a5ea1d,EIDC,10,10,0,10,0,0,0,19,9,20,true
10.5285/325a4dde60d142049339e0c84816aac1,CEDA,1,1,0,1,0,0,0,2,1,3,true
10.5285/325d1471-0038-4f21-9f24-7a030871f838,PDC,9,9,0,1,8,0,0,1,0,10,true
10.5285/32629396-bafc-40bd-ab6f-3dea5f3e51c1,PDC,1,1,0,1,0,0,0,1,0,2,true
10.5285/32dda22c-24cc-4fa8-adcb-5481b1b77ef1,EIDC,2,2,0,2,0,0,0,2,0,3,true
10.5285/32ecd5f4-1f00-4eeb-bd1e-5eaffb60f556,PDC,1,1,0,1,0,0,0,2,1,10,true
10.5285/33054628-1276-4487-b9bd-cd5faa8a395c,NGDC,1,1,0,1,0,0,0,1,0,8,true
10.5285/330cf3ac-21c3-4fa8-ab76-528f8cb2fbb8,EIDC,1,1,0,1,0,0,0,2,1,3,true
10.5285/331659d7-da72-48a2-9b52-63c003557990,EIDC,1,1,0,1,0,0,0,2,1,3,true
10.5285/33204189-2ecb-4f6b-b3e2-e1b7bc4339db,PDC,1,1,0,1,0,0,0,1,0,1,true
10.5285/333065a9-633d-4005-ae41-fb7ae5ae7a91,PDC,8,8,0,0,8,0,0,1,1,10,true
10.5285/33604ea0-c238-4488-813d-0ad9ab7c51ca,EIDC,57,57,0,57,0,0,0,76,19,89,true
10.5285/337f9dea-726e-40c7-9f9b-e269911c9db6,EIDC,0,0,0,0,0,0,0,1,1,23,true
10.5285/33826d6e-801c-b0a7-e063-7086abc0b9db,BODC,2,2,0,2,0,0,0,9,7,9,true
10.5285/33a66d6a-dd9b-4a19-9026-cf1ffb969cdb,EIDC,0,0,0,0,0,0,0,7,7,8,true
10.5285/33a825f3-27cb-4b39-b59c-0f8182e8e2e4,EIDC,5,5,0,5,0,0,0,7,2,10,true
10.5285/33b42f0a-12a5-47fe-aaaf-25f4ee5e13a5,EIDC,0,0,0,0,0,0,0,1,1,2,true
10.5285/33d1f143-47b5-a7d1-e063-7086abc03081,BODC,1,1,0,1,0,0,0,1,0,1,true
10.5285/33d2c2c7-84dc-718b-e053-6c86abc0da4d,BODC,0,0,0,0,0,0,0,1,1,1,true
10.5285/33d793a4-b38c-4479-90de-5ad3cec03e17,PDC,0,0,0,0,0,0,0,2,2,3,true
10.5285/341414f8-e88a-43e5-ade3-c30623c1586d,EIDC,0,0,0,0,0,0,0,1,1,2,true
10.5285/343885af-0f5e-4062-88e1-a9e612f77779,EIDC,1,1,0,1,0,0,0,2,1,3,true
10.5285/3458e0b9-5002-4ddb-bcb3-1c7fb08fb70b,EIDC,2,2,0,2,0,0,0,2,0,3,true
10.5285/346124fd-a0c6-490f-b5af-eaccbb26ab6b,EIDC,1,1,0,1,0,0,0,4,3,5,true
10.5285/34a15b96f1134d9e95b9e486d74e49cf,CEDA,2,2,0,2,0,0,0,5,3,7,true
10.5285/34e4bfe402c048c783e64eac0f0bca37,CEDA,1,1,0,1,0,0,0,1,0,1,true
10.5285/352ab67d-a901-43f9-9216-3b69ff10626a,PDC,2,2,0,2,0,0,0,2,0,10,true
10.5285/35784047-9b82-2160-e053-6c86abc0c91b,BODC,4,4,0,4,0,0,0,12,8,20,true
10.5285/3578bae2-4b88-4b2e-93e1-6965dfe1348c,EIDC,1,1,0,1,0,0,0,1,0,2,true
10.5285/358eb380-74a0-4acd-9df2-696fdf13a6d7,EIDC,0,0,0,0,0,0,0,1,1,2,true
10.5285/35921c93-2d9e-4e35-8de5-adbfc37641b4,EIDC,0,0,0,0,0,0,0,1,1,2,true
10.5285/35a7ee81a50c4b95ab59f9bd128f9b63,CEDA,0,0,0,0,0,0,0,1,1,3,true
10.5285/35aed839-1634-4692-b6d6-4d6312953eb5,PDC,1,1,0,1,0,0,0,1,0,1,true
10.5285/35b7832c-2432-fb41-e063-7086abc0c610,BODC,1,1,0,1,0,0,0,1,0,1,true
10.5285/35c7d0e5-1121-4381-9940-75f7673c98f7,EIDC,9,9,0,9,0,0,0,19,10,20,true
10.5285/35e6cc3ca2314dcd8d627d85e6c01d46,CEDA,1,1,0,1,0,0,0,1,0,9,true
10.5285/35f15502-d340-4ab5-a586-abd42f238b6e,EIDC,1,1,0,1,0,0,0,2,1,8,true
10.5285/35fb8318798e437ba5b108e5eca6e92d,CEDA,1,1,0,1,0,0,0,1,0,2,true
10.5285/35fecd0f-b466-448b-94d1-0bba90be450e,EIDC,0,0,0,0,0,0,0,3,3,4,true
10.5285/361621ad-6487-47a4-bf8b-00f78705e593,EIDC,1,1,0,1,0,0,0,2,1,3,true
10.5285/3628cb2fdba443588155e15dee8e5352,CEDA,3,3,0,3,0,0,0,13,10,14,true
10.5285/362bff26-d2ca-4700-b1f0-22072f4bc0cc,EIDC,0,0,0,0,0,0,0,1,1,2,true
10.5285/362feaea-0ccf-4a45-b11f-980c6b89a858,EIDC,1,1,0,1,0,0,0,1,0,2,true
10.5285/36343ace-d56a-43ea-9d48-2f434dafcb26,EIDC,1,1,0,1,0,0,0,2,1,11,true
10.5285/364d6aeb-34de-4fa2-8221-d8c9e30d0cce,PDC,1,1,0,0,1,0,0,0,0,1,true
10.5285/36df244e-11c8-44bc-aa9b-79427123c42c,EIDC,0,0,0,0,0,0,0,2,2,3,true
10.5285/3724bb78-2139-edbe-e063-7086abc0903f,BODC,1,1,0,1,0,0,0,1,0,1,true
10.5285/372861ee-67c5-4bb3-b765-cf8c03c06199,EIDC,0,0,0,0,0,0,0,1,1,2,true
10.5285/3729b3fbbb434930bf65d82f9b00111c,CEDA,2,2,0,2,0,0,0,3,1,5,true
10.5285/37352554-2193-8984-e063-7086abc047f5,BODC,1,1,0,1,0,0,0,1,0,1,true
10.5285/373638ed9c434e78b521cbe01ace5ef7,CEDA,0,0,0,0,0,0,0,2,2,3,true
10.5285/373699c7-6323-d4fa-e063-7086abc08606,BODC,1,1,0,1,0,0,0,1,0,1,true
10.5285/375d5ea7-db23-408a-b8b3-1d4210256868,EIDC,0,0,0,0,0,0,0,1,1,2,true
10.5285/37702a54-b7a4-40ff-b62e-d14b161b69ca,EIDC,1,1,0,1,0,0,0,2,1,5,true
10.5285/378f028d-ab04-4fa5-a5ca-61f78ea0adb0,EIDC,0,0,0,0,0,0,0,1,1,3,true
10.5285/378f0f77-1842-4789-ba15-6fbdf7d02299,EIDC,1,1,0,1,0,0,0,2,1,4,true
10.5285/37a503da-d75c-4d72-8e8b-b11c2fdc7d92,EIDC,3,3,0,2,0,1,0,3,1,5,true
10.5285/37ad06ff-888d-452c-be85-018e59600103,PDC,8,8,0,2,6,0,0,3,1,10,true
10.5285/37b039605e9b4bb5a89371fd7f5b7ba1,CEDA,1,1,0,1,0,0,0,2,1,3,true
10.5285/37c52e96-24ea-67ce-e063-7086abc05f29,BODC,30,30,0,30,0,0,0,34,4,34,true
10.5285/37cafd85-e84f-416c-8c09-51a5ec9b001c,PDC,1,1,0,1,0,0,0,2,1,2,true
10.5285/37cc9541-0e15-4fb8-97ea-685f306228d5,EIDC,1,1,0,1,0,0,0,1,0,2,true
10.5285/37f0ab37-78f1-4ca6-b51f-950e43977b16,EIDC,1,1,0,1,0,0,0,1,0,2,true
10.5285/37f17f6c-66f6-454c-bd52-7c601ef20ca2,EIDC,1,1,0,1,0,0,0,1,0,2,true
10.5285/3813aef3-71cc-49e6-ba21-495a43363001,EIDC,1,1,0,1,0,0,0,2,1,3,true
10.5285/382baaf2-7795-4aa8-a434-56c9e6bd1516,EIDC,1,1,0,1,0,0,0,1,0,2,true
10.5285/385331fe-dc2a-ecd1-e063-7086abc0ec63,BODC,1,1,0,1,0,0,0,1,0,1,true
10.5285/38624d82-baec-fcd8-e063-7086abc0e25c,BODC,1,1,0,1,0,0,0,1,0,1,true
10.5285/38626589-5885-fff9-e063-7086abc09721,BODC,1,1,0,1,0,0,0,1,0,1,true
10.5285/386eef1f-2dc7-413c-8ff4-c90722c047f4,PDC,2,2,0,0,2,0,0,0,0,3,true
10.5285/389fe406-ebd9-74f1-e053-6c86abc032a4,BODC,0,0,0,0,0,0,0,6,6,6,true
10.5285/38a73c7b-3e3c-4517-a33f-bd28b292b9e1,EIDC,0,0,0,0,0,0,0,1,1,2,true
10.5285/38f382d6-e39e-4e6d-9951-1f5aa04a1a8c,EIDC,4,4,0,3,0,1,0,3,0,5,true
10.5285/38f95030-09dd-4097-a97a-745fbbe27891,PDC,0,0,0,0,0,0,0,8,8,13,true
10.5285/391c0294-07f1-4856-b592-428bd44055ca,EIDC,0,0,0,0,0,0,0,1,1,6,true
10.5285/393a5946-8a22-4350-80f3-a60d753beb00,EIDC,2,2,0,1,0,1,0,4,3,19,true
10.5285/3948ce45-3430-468d-8e99-22d4d6c0a8c5,PDC,1,1,0,1,0,0,0,1,0,1,true
10.5285/3952a4fe-683a-42e7-a074-bdec41c8ab16,PDC,1,1,0,1,0,0,0,5,4,7,true
10.5285/3979e595-a2d2-4c93-a317-9e84858cfc7a,BODC,0,0,0,0,0,0,0,2,2,2,true
10.5285/398dd41e-3c08-47f5-811f-da990007643f,EIDC,10,10,0,10,0,0,0,21,11,22,true
10.5285/399b0f762a004657a411a9ea7203493a,BODC,0,0,0,0,0,0,0,4,4,6,true
10.5285/399ed9b1-bf59-4d85-9832-ee4d29f49bfb,EIDC,3,3,0,3,0,0,0,4,1,7,true
10.5285/39da2334-0952-4d4d-b634-5f7f2115ac90,EIDC,1,1,0,1,0,0,0,1,0,2,true
10.5285/3a09305c-6624-4322-8e99-dcb824fe26bc,PDC,1,1,0,1,0,0,0,1,0,2,true
10.5285/3a0a5132-797c-4ed5-98b9-1c17eaa2f2b7,EIDC,0,0,0,0,0,0,0,1,1,2,true
10.5285/3a0bdd85-c940-f15f-e063-7086abc0a230,BODC,1,1,0,1,0,0,0,1,0,1,true
10.5285/3a1e1bde-f356-c7f5-e063-7086abc04c0b,BODC,1,1,0,1,0,0,0,1,0,1,true
10.5285/3a282efc-a389-409c-b85e-67199a46ab6a,PDC,0,0,0,0,0,0,0,1,1,2,true
10.5285/3a4e94fc-4c68-47eb-a217-adee2a6b02b3,EIDC,1,1,0,1,0,0,0,2,1,3,true
10.5285/3a813bd9-59ae-476e-a170-ab83fe1587b2,EIDC,1,1,0,1,0,0,0,1,0,2,true
10.5285/3a8a94c3fa464d68b6d70df291afd457,CEDA,0,0,0,0,0,0,0,3,3,4,true
10.5285/3a9c8604-2bca-48c1-a40c-48a873076581,PDC,1,1,0,0,1,0,0,0,0,1,true
10.5285/3aa44060-d4fd-453f-9e5b-7d885ad5089f,NGDC,0,0,0,0,0,0,0,1,1,1,true
10.5285/3aaa52d3-918a-4f95-b065-32f33e45d4f6,EIDC,1,1,0,1,0,0,0,4,3,7,true
10.5285/3ad644c9-e341-4a15-ab35-311076defc33,EIDC,1,1,0,1,0,0,0,1,0,2,true
10.5285/3adb739a-9eda-434d-9883-03ab092cabae,PDC,4,6,0,0,6,0,0,0,0,9,true
10.5285/3affed0d-fe6f-4916-89e3-e672639191e5,EIDC,0,0,0,0,0,0,0,1,1,2,true
10.5285/3b077711-f183-42f1-bac6-c892922c81f4,EIDC,1,1,0,1,0,0,0,2,1,3,true
10.5285/3b141dce-76fc-4c54-96fa-c232e98010ea,NGDC,0,0,0,0,0,0,0,14,14,14,true
10.5285/3b3fd2daf3d34c1bb4a09efeaf3b8ea9,CEDA,0,0,0,0,0,0,0,1,1,9,true
10.5285/3b44375a-cbe6-468c-9395-41471054d0f3,EIDC,1,1,0,1,0,0,0,8,7,9,true
10.5285/3b602f74-8374-1e90-e053-6c86abc08d39,BODC,4,4,0,4,0,0,0,9,5,12,true
10.5285/3b90962e-6fc8-4251-853e-b9683e37f790,EIDC,2,2,0,2,0,0,0,5,3,7,true
10.5285/3bafb72b-9f2a-4cbc-a7b8-46e3731c6759,EIDC,0,0,0,0,0,0,0,1,1,2,true
10.5285/3bbacca6-d2cd-46be-b824-b828572ca486,PDC,4,4,0,1,3,0,0,2,1,6,true
10.5285/3bcd59f9-1068-4474-bca9-c8ca9fe0caed,PDC,5,5,0,0,5,0,0,0,0,5,true
10.5285/3bd6397d-f0db-40c4-885a-95ca280a6683,EIDC,1,1,0,1,0,0,0,1,0,2,true
10.5285/3bd7221d4844435dad2fa030f26ab5fd,CEDA,3,3,0,3,0,0,0,8,5,12,true
10.5285/3bf9b65d-727c-4b46-9db6-c0814dc5895f,EIDC,0,0,0,0,0,0,0,2,2,5,true
10.5285/3c23fea1-5b27-4b01-b9ef-fc13346cfedc,EIDC,0,0,0,0,0,0,0,1,1,2,true
10.5285/3c28c1e9-d19d-431c-8c30-e9a014447d7b,NGDC,0,0,0,0,0,0,0,1,1,1,true
10.5285/3c324bb4ee394d0d876fe2e1db217378,CEDA,11,11,0,11,0,0,0,16,5,23,true
10.5285/3c636579-0389-4ba1-bf3d-d53f32892079,PDC,0,0,0,0,0,0,0,8,8,9,true
10.5285/3c8f4e46-bf6c-4ea1-9340-571fede26ee8,EIDC,2,2,0,2,0,0,0,4,2,12,true
10.5285/3d30627eee5a48be844c32723b7b6be8,CEDA,0,0,0,0,0,0,0,1,1,2,true
10.5285/3d33fb5f-cdb3-4b8e-b048-13da53c96196,NGDC,0,0,0,0,0,0,0,1,1,1,true
10.5285/3d3b1d09-9e7a-4144-b8a1-b09a3c573466,EIDC,1,1,0,1,0,0,0,1,0,2,true
10.5285/3d468857-f5d0-4dc4-88f3-6be6df19608b,EIDC,0,0,0,0,0,0,0,1,1,15,true
10.5285/3d6fd5ae-e94d-4d0b-a5e9-5779ca84855e,PDC,2,2,0,0,2,0,0,0,0,5,true
10.5285/3d7b47b5-eb0b-40d9-948a-1ae05bd62250,PDC,1,1,0,0,1,0,0,2,2,6,true
10.5285/3d82fd3f-884b-47b6-b11c-6c96d66b950d,PDC,0,0,0,0,0,0,0,2,2,3,true
10.5285/3d974cbe-743d-41da-a2e1-f28753f13d1e,EIDC,1,1,0,1,0,0,0,3,2,4,true
10.5285/3de63fc0-390f-451d-bcc1-c15e4ce78d40,NGDC,0,0,0,0,0,0,0,1,1,1,true
10.5285/3df7562727314bab963282e6a0284f24,CEDA,2,2,0,2,0,0,0,4,2,5,true
10.5285/3e2dee3a-8e15-4145-a3e2-68d532bd40d1,PDC,0,0,0,0,0,0,0,8,8,13,true
10.5285/3e4cdaa3-5e89-47ae-834b-34dfee248ea4,CEDA,1,1,0,1,0,0,0,1,0,5,true
10.5285/3e9f387293294f3b8a850524fcfc0c9c,CEDA,0,0,0,0,0,0,0,1,1,14,true
10.5285/3ea0e6d6-a3ed-4363-9972-8f6bb5673cce,PDC,1,1,0,0,1,0,0,0,0,2,true
10.5285/3ea85903-e068-4242-a63f-46767e16f85c,PDC,2,2,0,2,0,0,0,3,1,11,true
10.5285/3ef187b8-3471-42ab-bc5d-d7e5e6f5d575,PDC,2,2,0,1,1,0,0,1,0,2,true
10.5285/3ef6a5a66e9947d39b356251909dc12b,CEDA,3,3,0,3,0,0,0,5,2,8,true
10.5285/3f034f4a08854eb59d58e1fa92d207b6,CEDA,5,5,0,5,0,0,0,9,4,18,true
10.5285/3f0820a7-a8c8-4dd7-a058-8db79ba9c7fe,EIDC,2,2,0,2,0,0,0,3,1,4,true
10.5285/3f0c400f-04b9-4819-98cb-f6b53716aca5,PDC,7,7,0,0,7,0,0,1,1,9,true
10.5285/3f24651e-2d44-dee3-e063-7086abc0395e,BODC,1,1,0,1,0,0,0,28,27,119,true
10.5285/3f3fa303-d019-4b28-ad79-9a45f8ee04d0,EIDC,2,2,0,2,0,0,0,4,2,26,true
10.5285/3f48eb4c-bc0d-49e3-af71-dcff6d88c534,EIDC,1,1,0,0,0,1,0,0,0,2,true
10.5285/3f71209a-33d5-4d48-8899-d8a6d8d295e6,PDC,2,2,0,1,1,0,0,1,0,2,true
10.5285/4014370f-8eb2-492b-a5f3-6dc68bf12c1e,PDC,0,0,0,0,0,0,0,2,2,2,true
10.5285/406f88ee14f34177934b1dbd0be6aac7,CEDA,0,0,0,0,0,0,0,1,1,2,true
10.5285/4078678b-768f-43ff-abba-b87712f648e9,EIDC,6,6,0,6,0,0,0,23,17,25,true
10.5285/40b92abc-b721-41e5-993d-ff5b2200f617,PDC,0,0,0,0,0,0,0,1,1,2,true
10.5285/40bcedbe-fea0-4b41-b2f7-bf2d8494b5ad,PDC,0,0,0,0,0,0,0,1,1,4,true
10.5285/40c0b0c6-533c-43e7-9761-38225dac3084,PDC,0,0,0,0,0,0,0,1,1,1,true
10.5285/40c2f86b-1a02-4106-934a-42769682df66,PDC,1,1,0,0,1,0,0,1,1,5,true
10.5285/40d28d0b-f93d-4c6c-90ef-97a26a510f81,EIDC,0,0,0,0,0,0,0,1,1,2,true
10.5285/40f0f38023ac40f6b40bbf96e4dc5258,CEDA,1,1,0,1,0,0,0,2,1,3,true
10.5285/410ee2f9-2d22-4155-aaed-43b93a7c3d62,PDC,1,1,0,0,1,0,0,0,0,4,true
10.5285/410f4e27-3214-466f-9de3-e19848d8c5c2,PDC,1,1,0,1,0,0,0,2,1,12,true
10.5285/417a7f70-4ff2-428e-829d-0423772f66b4,PDC,1,1,0,1,0,0,0,1,0,1,true
10.5285/419af5cd-8adc-4400-9a28-d8e1d48b0bd7,EIDC,1,1,0,1,0,0,0,1,0,2,true
10.5285/41acfe3e-761b-4362-bcc7-8d49ce52cc35,EIDC,0,0,0,0,0,0,0,1,1,2,true
10.5285/41bfd98c-1a36-4689-a578-ad584426f9d2,PDC,2,2,0,1,1,0,0,2,1,3,true
10.5285/41c6b474-241a-494d-83a0-e4e6c4a846da,PDC,4,4,0,0,4,0,0,0,0,4,true
10.5285/42504802-313c-4f7c-ac8c-104ef9b4e077,PDC,1,1,0,1,0,0,0,1,0,1,true
10.5285/4278d500-a165-452d-ae5f-b503323df9cb,EIDC,1,1,0,1,0,0,0,1,0,2,true
10.5285/42974c1c-ea2d-57a5-e053-6c86abc09d06,BODC,0,0,0,0,0,0,0,1,1,2,true
10.5285/42c203c8-44de-40e2-a694-b1e8cbd4c8e1,EIDC,1,1,0,1,0,0,0,3,2,4,true
10.5285/42c92148-8d03-8be6-e063-7086abc09f0c,BODC,2,2,0,2,0,0,0,4,2,4,true
10.5285/42cb66b9-f515-41bc-8b9a-6dc9cb0e5624,PDC,1,1,0,1,0,0,0,1,0,1,true
10.5285/42f7230ab55641cdac1bba84eabd446a,CEDA,0,0,0,0,0,0,0,1,1,8,true
10.5285/43095c2d-b959-4216-8362-0fb18deed1e6,EIDC,1,1,0,1,0,0,0,1,0,2,true
10.5285/4321d9b540fe48f8943179aa3ef06c79,CEDA,0,0,0,0,0,0,0,2,2,2,true
10.5285/439ccb0b0eb04c17b5c6897fb9cb550b,CEDA,1,1,0,1,0,0,0,1,0,2,true
10.5285/43db96bc-88ad-42fd-8aa2-19d73185fe1f,PDC,4,4,0,0,4,0,0,0,0,7,true
10.5285/44095e17-43b0-45d4-a781-aab4f72da025,EIDC,7,7,0,7,0,0,0,13,6,33,true
10.5285/44100d99d120487284d7b778dbc76bdf,CEDA,1,1,0,1,0,0,0,1,0,1,true
10.5285/441565b3-0a7d-4d3c-a7a8-7d7b487c1462,EIDC,1,1,0,1,0,0,0,1,0,9,true
10.5285/4418c631-c39c-467c-b3b8-c75142fcae0a,EIDC,0,0,0,0,0,0,0,1,1,2,true
10.5285/4434a27d-5288-4f2e-88ac-4b1372e4d073,EIDC,2,2,0,2,0,0,0,2,0,3,true
10.5285/4482fa14-aee2-4c7f-9c62-a08dc9704051,EIDC,1,1,0,1,0,0,0,2,1,3,true
10.5285/44c23778-4a73-4a8f-875f-89b23b91ecf8,EIDC,7,7,0,7,0,0,0,12,5,25,true
10.5285/44c577d3-665f-40de-adce-74ecad7b304a,EIDC,0,0,0,0,0,0,0,1,1,2,true
10.5285/44c930e1388f40728884fbdf7e28c109,CEDA,0,0,0,0,0,0,0,1,1,1,true
10.5285/450bb14b-c711-47af-8792-f9bd88482cd4,EIDC,1,1,0,1,0,0,0,3,2,6,true
10.5285/450fd469-5cd7-4c8f-b113-ba469c358caf,EIDC,2,2,0,2,0,0,0,2,0,3,true
10.5285/45174e8c-7ce8-4d87-a6f7-570db476c6c9,PDC,5,5,0,5,0,0,0,7,2,13,true
10.5285/451a6a5d-a17b-4d71-aad0-188739403d8c,PDC,1,1,0,1,0,0,0,1,0,1,true
10.5285/45391184-603e-4284-bb3c-9c8c6bf856ab,EIDC,0,0,0,0,0,0,0,1,1,2,true
10.5285/453fdf49-7328-42ec-94b7-1cebf06c51e2,EIDC,1,1,0,1,0,0,0,1,0,2,true
10.5285/45412eb5-9dc2-373b-e053-6c86abc0951f,BODC,0,0,0,0,0,0,0,2,2,2,true
10.5285/454dc5c6-0375-4497-bb76-6664620f708f,PDC,2,2,0,1,1,0,0,1,0,2,true
10.5285/455f9151-61ae-479f-9916-f01d612ab66a,NGDC,0,0,0,0,0,0,0,1,1,4,true
10.5285/456c24dd-0fe8-46c0-8ba5-855c001bc05f,EIDC,4,4,0,4,0,0,0,4,0,14,true
10.5285/45814db8-56cd-44f2-b3a4-92e41eaaff3f,CEDA,2,2,0,2,0,0,0,3,1,3,true
10.5285/459597b2-ca0c-4110-b59c-62490867f348,PDC,4,4,0,0,4,0,0,0,0,5,true
10.5285/45ae3437f82f4e4fb75f9a5c26a194ba,CEDA,1,1,0,1,0,0,0,2,1,3,true
10.5285/45c3cc90-098b-45e3-a809-16b80eed4ec2,PDC,7,7,0,1,6,0,0,3,2,11,true
10.5285/45d2b71c-d413-44d4-8b4b-6190527912ff,NGDC,1,1,0,1,0,0,0,1,0,1,true
10.5285/45f5c9eb-7bd3-435f-97f3-ce149f3b381c,EIDC,0,0,0,0,0,0,0,1,1,2,true
10.5285/45f8f9f0-0959-4044-b8fd-218f9d5c68c2,PDC,1,1,0,0,1,0,0,0,0,3,true
10.5285/4622f906-e28a-4210-aa03-d2e4169b1be8,EIDC,0,0,0,0,0,0,0,1,1,2,true
10.5285/463b2fcd6a264a39b1e3249dab16c177,CEDA,0,0,0,0,0,0,0,2,2,13,true
10.5285/463ea06f-6c49-4d6e-a80b-21c88a71c3da,PDC,19,19,0,0,19,0,0,0,0,20,true
10.5285/4647cc9ad3c044439d6c643208d3c494,CEDA,13,13,0,13,0,0,0,24,11,27,true
10.5285/4671a42f-7a2e-4883-948c-ef6b26dd41c9,PDC,4,4,0,1,3,0,0,1,0,9,true
10.5285/467942bd-2cd5-4038-bc4f-5d77535d99f1,EIDC,1,1,0,1,0,0,0,1,0,18,true
10.5285/468abcf18372425791a31d15a41348d9,CEDA,0,0,0,0,0,0,0,2,2,10,true
10.5285/46bb0117-ed5d-4167-a375-d84d1237cf21,EIDC,2,2,0,2,0,0,0,3,1,4,true
10.5285/46e9ff95-27ca-4d3b-b587-fc9ce22c5781,NGDC,1,1,0,1,0,0,0,1,0,1,true
10.5285/46f8c1377f8849eeb8570b8ac9b26d86,CEDA,4,4,0,4,0,0,0,4,0,5,true
10.5285/470d9bf9-8c82-487c-956e-f15f9d8aac64,EIDC,1,1,0,1,0,0,0,1,0,2,true
10.5285/47110529-757b-40b5-e053-6c86abc0eddc,BODC,0,0,0,0,0,0,0,1,1,9,true
10.5285/47110529-757c-40b5-e053-6c86abc0eddc,BODC,0,0,0,0,0,0,0,2,2,10,true
10.5285/47110529-757d-40b5-e053-6c86abc0eddc,BODC,0,0,0,0,0,0,0,1,1,6,true
10.5285/47140d618dcc40309e1edbca7e773478,CEDA,1,1,0,1,0,0,0,4,3,7,true
10.5285/472713db-3724-442f-8a24-a1f8834123d9,PDC,3,3,0,0,3,0,0,0,0,3,true
10.5285/473eb97c-63a8-4002-8b72-e7f07b2ab228,PDC,1,1,0,0,1,0,0,0,0,1,true
10.5285/474e090d-4502-432c-b8de-ce9f33571f8e,EIDC,0,0,0,0,0,0,0,2,2,3,true
10.5285/475520d5-bad9-4d84-e053-6c86abc0b01b,BODC,0,0,0,0,0,0,0,1,1,1,true
10.5285/475f098c-dcc4-4e77-b57b-8b9bdeb330a3,EIDC,1,1,0,1,0,0,0,1,0,2,true
10.5285/4781c0ed-d5b4-41f7-bbfd-94a6a11a77b5,EIDC,0,0,0,0,0,0,0,1,1,2,true
10.5285/47d0718d-7146-44d3-965c-60e62a48b8cc,PDC,20,20,0,1,19,0,0,1,0,21,true
10.5285/47f036c4-e319-4825-9cb8-f27977eb20dd,EIDC,1,1,0,1,0,0,0,1,0,2,true
10.5285/47f053a0-e34f-4534-a843-76f0a0998a2f,EIDC,3,3,0,3,0,0,0,5,2,6,true
10.5285/47f09d73-b5aa-0c3b-e053-6c86abc02aa2,BODC,0,0,0,0,0,0,0,2,2,2,true
10.5285/47f15a7a-de57-dc68-e063-7086abc0ccb7,BODC,0,0,0,0,0,0,0,1,1,1,true
10.5285/481720c2-35bd-6c10-e053-6c86abc06bb3,BODC,0,0,0,0,0,0,0,1,1,2,true
10.5285/48316483-edfe-4009-9898-da41bf3023bd,CEDA,0,0,0,0,0,0,0,1,1,1,true
10.5285/4859dc19-e8e9-4148-8c50-cb2ab16dc696,PDC,2,2,0,1,1,0,0,1,0,3,true
10.5285/485e6b9b-d033-441f-8c98-b2d0efcb1d63,PDC,1,3,0,1,2,0,0,1,0,5,true
10.5285/487b9d48-ec67-4b4e-a758-093a52d2d73b,EIDC,1,1,0,1,0,0,0,2,1,3,true
10.5285/48995a4f-bf1f-4ca5-adf9-ab0ec6b03e54,PDC,13,13,0,1,12,0,0,1,0,15,true
10.5285/489e9b2a0abd43a491d5afdd0d97c1a4,CEDA,2,2,0,2,0,0,0,5,3,7,true
10.5285/48d0bf43-0598-ceb2-e063-7086abc062f1,BODC,1,1,0,1,0,0,0,9,8,119,true
10.5285/48dcef16-6719-45e5-a335-3a97f099e451,PDC,2,2,0,2,0,0,0,2,0,3,true
10.5285/48fc3d1e8ada405c8486ada522dae9e8,CEDA,9,9,0,9,0,0,0,12,3,13,true
10.5285/49047818-d36a-45ce-8ad1-3d459e1ccead,PDC,1,1,0,1,0,0,0,1,0,1,true
10.5285/495fd597-42b2-4985-96dc-3d9ec024b829,EIDC,1,1,0,1,0,0,0,1,0,2,true
10.5285/499212cd-d64a-43ba-b801-95402e4d4098,EIDC,4,4,0,4,0,0,0,9,5,15,true
10.5285/49a70237-c579-4669-b126-3f23d494aba6,EIDC,0,0,0,0,0,0,0,1,1,2,true
10.5285/49ae11ec-e4e5-4e4a-b091-976d18c4ee3e,EIDC,0,0,0,0,0,0,0,3,3,4,true
10.5285/49b34dca-2726-4eba-a166-b6adddb61cec,NGDC,1,1,0,1,0,0,0,1,0,1,true
10.5285/49d04d55-90a7-4106-b8fe-2e75aba228e4,EIDC,1,1,0,1,0,0,0,1,0,2,true
10.5285/49daf07b-cfbe-48d1-8889-1adafe410a2e,EIDC,0,0,0,0,0,0,0,1,1,2,true
10.5285/49f4cbe0-ab31-4aa3-bc2d-cea572ff4e97,PDC,2,2,0,0,1,1,0,0,0,6,true
10.5285/4a5a9140-96f1-4aee-b547-ef570238fdbd,EIDC,0,0,0,0,0,0,0,1,1,2,true
10.5285/4a85c0ef880e4f668cd4ec8e846855ef,CEDA,0,0,0,0,0,0,0,1,1,1,true
10.5285/4a9654136a7148e39b7feb56f8bb02d2,CEDA,10,11,0,11,0,0,0,14,3,14,true
10.5285/4aa06690-48e3-0212-e063-7086abc0af43,BODC,0,0,0,0,0,0,0,1,1,1,true
10.5285/4aac4f8ba15f43e59eb81756b464c9fb,CEDA,0,0,0,0,0,0,0,1,1,1,true
10.5285/4b179c31-9515-49f2-9859-542f4f0b0854,PDC,12,12,0,0,12,0,0,0,0,14,true
10.5285/4b255fc4-33d3-4beb-a238-37e1a8cf32a2,EIDC,1,1,0,1,0,0,0,2,1,3,true
10.5285/4b2b52d7-ffd9-2473-e053-6c86abc0103b,BODC,0,0,0,0,0,0,0,1,1,1,true
10.5285/4b2ccda1-91ec-4c57-9ae0-07b9a387f352,PDC,3,5,0,0,5,0,0,1,1,9,true
10.5285/4b392dc0-0219-4494-8420-82e42b93b445,EIDC,0,0,0,0,0,0,0,2,2,3,true
10.5285/4b5680d9-fdbc-40c0-96a1-4c022185303f,EIDC,1,1,0,1,0,0,0,4,3,9,true
10.5285/4b86b7a5-51ee-47b8-836d-a72cfd2be26b,NGDC,0,0,0,0,0,0,0,1,1,1,true
10.5285/4b9c3034-e9ea-4db3-af06-2ce231bdcdcd,PDC,2,2,0,0,2,0,0,0,0,3,true
10.5285/4ba115ac-c146-46f5-9fa9-8be795dbb9db,PDC,1,1,0,1,0,0,0,1,0,1,true
10.5285/4bbcb1722f2842c1b0a5ebc19160a863,CEDA,1,1,0,1,0,0,0,4,3,6,true
10.5285/4bcc9b4e-fab5-46cd-aac3-56c28e61cff1,PDC,2,2,0,0,1,1,0,0,0,2,true
10.5285/4c058d1f-6166-4606-88a2-d2feaf036a2f,EIDC,1,1,0,1,0,0,0,1,0,2,true
10.5285/4c0e990d61454c22be9030777c7fbe89,CEDA,1,1,0,1,0,0,0,1,0,2,true
10.5285/4c347ec4-0beb-4355-9780-89dad718b2f3,EIDC,1,1,0,1,0,0,0,1,0,2,true
10.5285/4c5feb539f1f44308ca7ec26e0bb7316,CEDA,1,1,0,1,0,0,0,2,1,2,true
10.5285/4c7fdfa6-f176-4c58-acee-683d5e9d2ed5,CEDA,6,6,0,6,0,0,0,34,28,34,true
10.5285/4c8419b9-5ee4-4db4-b279-18d3ec75c3c4,NGDC,1,1,0,1,0,0,0,1,0,1,true
10.5285/4c8cfe1b-f426-4cc7-819b-236d1058ea0d,PDC,2,2,0,0,2,0,0,0,0,2,true
10.5285/4c9613ce-de52-41b1-9fde-7c41f9199686,EIDC,6,6,0,6,0,0,0,6,0,8,true
10.5285/4ca242208e904efe830af45f1697f730,CEDA,0,0,0,0,0,0,0,1,1,2,true
10.5285/4cd1b2e2-1f8f-4f9b-9991-245122e078c0,NGDC,1,1,0,1,0,0,0,1,0,1,true
10.5285/4ce0f850-2ee7-4129-9c2f-68829a569348,CEDA,1,1,0,1,0,0,0,1,0,1,true
10.5285/4ce685bff631459fb2a30faa699f3fc5,CEDA,5,5,0,5,0,0,0,6,1,6,true
10.5285/4ce75927eab444b89b5439e33ecf1a80,CEDA,0,0,0,0,0,0,0,1,1,1,true
10.5285/4d3b48df-a85f-415f-bef8-9c213816b0d2,PDC,1,1,0,0,1,0,0,0,0,1,true
10.5285/4d3f4c8a-5605-4990-8ca1-42f8ddf63698,EIDC,1,1,0,1,0,0,0,1,0,2,true
10.5285/4d4bd383-f6bb-4476-9058-d883b7706b26,PDC,1,1,0,1,0,0,0,1,0,2,true
10.5285/4d8c7dd9-8248-46ca-b988-c1fc38e51581,EIDC,1,1,0,1,0,0,0,2,1,5,true
10.5285/4d93f9ac-68e3-49cf-8a41-4d02a7ead81a,EIDC,2,2,0,2,0,0,0,5,3,6,true
10.5285/4daf9b1e-c29f-4e38-855c-a68063e8e715,EIDC,0,0,0,0,0,0,0,1,1,2,true
10.5285/4dd9df19-8df5-41a0-9829-8f6114e28db1,EIDC,1,1,0,1,0,0,0,1,0,2,true
10.5285/4de39bc0-fc2b-4232-ac39-3cc1fd723f64,PDC,0,0,0,0,0,0,0,1,1,3,true
10.5285/4e09c5d9-edf4-448e-aea7-2e56e9376aae,PDC,0,0,0,0,0,0,0,1,1,4,true
10.5285/4e0d0e50-2f9c-4647-864d-5c3b30bb5f4b,EIDC,1,1,0,1,0,0,0,1,0,2,true
10.5285/4e15f483-5b05-409e-acc0-5117fc24e90b,EIDC,1,1,0,1,0,0,0,1,0,2,true
10.5285/4e36cdfa-0281-423f-99a8-e7c331b2e0d1,EIDC,1,1,0,1,0,0,0,1,0,2,true
10.5285/4e6a2e58-6916-4212-8b2e-e30942b0a05a,EIDC,0,0,0,0,0,0,0,2,2,30,true
10.5285/4ecd795d-e038-412f-b430-251b33fc880e,PDC,13,13,0,1,12,0,0,5,4,19,true
10.5285/4ed0023e-da9b-45a8-86de-3a371cc7dcc1,EIDC,0,0,0,0,0,0,0,1,1,2,true
10.5285/4ed44a66-a39c-424a-b127-60c3b198831a,PDC,11,11,0,0,11,0,0,0,0,13,true
10.5285/4ef558d2-05d4-4ae2-988e-a5c2450b95dd,EIDC,1,1,0,1,0,0,0,1,0,2,true
10.5285/4efa688e-7659-4cbf-a72f-facac5d63998,PDC,5,5,0,1,4,0,0,1,0,14,true
10.5285/4efaefac-b920-465b-90b9-5390d7fbbd26,PDC,1,1,0,0,1,0,0,0,0,4,true
10.5285/4f377defc2454db9b2a6d032abfd0cbd,CEDA,1,1,0,1,0,0,0,1,0,2,true
10.5285/4f447446-5461-48b2-b154-ff7094176502,EIDC,0,0,0,0,0,0,0,1,1,2,true
10.5285/4f569d73-30c5-4b12-bca7-8901fb567594,EIDC,1,1,0,1,0,0,0,1,0,2,true
10.5285/4f68d5c7-45eb-f999-e063-7086abc036fa,BODC,7,7,0,7,0,0,0,7,0,7,true
10.5285/4f7aed48-816a-d8cf-e063-7086abc055b4,BODC,0,0,0,0,0,0,0,1,1,1,true
10.5285/4fa633d24d104217a4c9d3fb3589f35d,CEDA,1,1,0,1,0,0,0,1,0,5,true
10.5285/4fc8a62b-c971-433e-acc3-23423bb75022,EIDC,0,0,0,0,0,0,0,1,1,3,true
10.5285/4fd0a1bf-da1a-4021-82eb-2fc513910e32,PDC,1,1,0,1,0,0,0,1,0,1,true
10.5285/4fe11286-0e53-4a03-854c-a79a44d1e356,PDC,1,1,0,1,0,0,0,4,3,4,true
10.5285/4ffad557-1c3c-4ea7-a73d-6d782331b08a,PDC,3,3,0,0,3,0,0,1,1,6,true
10.5285/500193f7-2653-4696-8224-276a734ed6ab,EIDC,0,0,0,0,0,0,0,1,1,2,true
10.5285/5011d22aae5a4671b0cbc7d05c56c4f0,CEDA,17,17,0,17,0,0,0,22,5,22,true
10.5285/505d1e0c-ab60-4a60-b448-68c5bbae403e,EIDC,12,12,0,11,0,1,0,19,8,21,true
10.5285/5060cc27-0b5b-471b-86eb-71f96da0c80f,EIDC,5,5,0,3,0,2,0,3,0,11,true
10.5285/507a5e1f-e056-454c-8ff6-d185f3da8556,EIDC,86,86,0,86,0,0,0,86,0,87,true
10.5285/5091283a-fc9f-4057-9d24-e7a2aa0e362f,PDC,1,1,0,1,0,0,0,1,0,3,true
10.5285/50aa8f83-ffea-1267-e063-7086abc0379d,BODC,0,0,0,0,0,0,0,1,1,1,true
10.5285/50acb5b7-5b42-44cd-a98e-790bd367f204,PDC,4,4,0,2,2,0,0,4,2,7,true
10.5285/50b344eb-8343-423b-8b2f-0e9800e34bbd,EIDC,1,1,0,1,0,0,0,3,2,4,true
10.5285/5100e84a-6af9-419b-b4b6-4a5df13b1aec,EIDC,1,1,0,1,0,0,0,3,2,4,true
10.5285/51046841-deaa-422f-a303-2c0759f014b4,EIDC,0,0,0,0,0,0,0,1,1,4,true
10.5285/517717f7-d044-42cf-a332-a257e0e80b5c,EIDC,1,1,0,1,0,0,0,3,2,4,true
10.5285/518f88df-bfe7-442e-97ad-922b5aef003a,EIDC,0,0,0,0,0,0,0,5,5,8,true
10.5285/51ae627da5fb41b8a767ee6c653f83e6,CEDA,1,1,0,1,0,0,0,1,0,1,true
10.5285/522309f8-59b1-4982-85df-cb3171c2a062,EIDC,1,1,0,1,0,0,0,2,1,3,true
10.5285/52248442-a50f-4fc0-a73e-31c61cd27df9,EIDC,0,0,0,0,0,0,0,1,1,2,true
10.5285/5224ff55-e347-4d26-9cd5-28c9bb52a805,PDC,20,20,0,0,20,0,0,0,0,21,true
10.5285/52431e03-94c8-4760-9bce-24e511d8d24b,PDC,1,1,0,0,1,0,0,0,0,5,true
10.5285/5278ec04-57aa-46e3-96d8-4a1b87ed84cc,PDC,5,5,0,0,5,0,0,0,0,6,true
10.5285/529808a4-3967-49fe-abf6-fdb4fe5a7e5e,PDC,4,4,0,0,4,0,0,0,0,5,true
10.5285/52b08e7f-9fba-40a1-b0b5-dda9a3c83be2,NGDC,0,0,0,0,0,0,0,4,4,4,true
10.5285/52b6b432-8f69-4b08-8a47-04e40f656f55,EIDC,1,1,0,1,0,0,0,1,0,2,true
10.5285/52c304a5-6ab5-4368-9152-4aad1efd9719,PDC,0,0,0,0,0,0,0,1,1,1,true
10.5285/53000d3b-3069-494b-8fa9-f9c7504cae25,PDC,1,1,0,1,0,0,0,1,0,1,true
10.5285/530ccd12-bfca-4112-b25c-e8c929f74964,NGDC,1,1,0,1,0,0,0,1,0,1,true
10.5285/5321bc6e-be35-4ed3-9b56-25598d61ac8f,EIDC,1,1,0,1,0,0,0,1,0,2,true
10.5285/533d87d3-48c1-4c6e-9f2f-fda273ab45bc,EIDC,3,3,0,3,0,0,0,6,3,7,true
10.5285/534838c8-0e1f-4a04-a837-2e19a4e93797,EIDC,0,0,0,0,0,0,0,1,1,2,true
10.5285/53737fbe-8cb8-4e3d-bc48-2b21e7c9d543,PDC,1,1,0,1,0,0,0,1,0,1,true
10.5285/538212f3-5a76-4a89-8488-e061dbb53a03,PDC,0,0,0,0,0,0,0,1,1,1,true
10.5285/53a2def3-2926-5c26-e053-6c86abc056b5,BODC,0,0,0,0,0,0,0,1,1,3,true
10.5285/53ded3f2-a4e9-4f49-8084-2c8b3b485268,NGDC,1,1,0,1,0,0,0,1,0,1,true
10.5285/540a4c4cdfa6497993bbfa7c3e3df51a,CEDA,1,1,0,1,0,0,0,1,0,1,true
10.5285/543cbcd8-4e2c-4927-a91e-52d42e75cfb4,PDC,3,3,0,0,3,0,0,0,0,4,true
10.5285/54757cbe-0b13-4385-8b31-4dfaa1dab55e,PDC,56,56,0,55,1,0,0,56,1,57,true
10.5285/5477e60b209a4e169ca60d7f01a017eb,CEDA,1,1,0,1,0,0,0,1,0,1,true
10.5285/54820666-b5df-266e-e053-6c86abc02283,BODC,0,0,0,0,0,0,0,2,2,2,true
10.5285/5484dc1392bc43c1ace73ba38a22ac56,CEDA,2,2,0,2,0,0,0,3,1,11,true
10.5285/5487380511084413a502c4b229273bc6,CEDA,1,1,0,1,0,0,0,2,1,2,true
10.5285/54b722a7-7cda-4817-86a5-b96ad0bb4ae7,EIDC,1,1,0,1,0,0,0,1,0,2,true
10.5285/54e2ee0803764b4e84c906da3f16d81b,CEDA,2,2,0,2,0,0,0,4,2,5,true
10.5285/54e9d93f-bacb-41e4-a66a-0cdcbdd02101,EIDC,0,0,0,0,0,0,0,1,1,2,true
10.5285/54edbdcf-086e-40a7-b2cc-c1e4fcbfbbbc,EIDC,0,0,0,0,0,0,0,2,2,3,true
10.5285/54fe47f3-778e-4e0b-8cf5-b2fda2473b7f,EIDC,0,0,0,0,0,0,0,2,2,3,true
10.5285/550d938da3184d0ca44a06a4c0c14ffa,CEDA,0,0,0,0,0,0,0,1,1,2,true
10.5285/55118e26-cf5c-41d6-9157-738fce6bdddf,EIDC,0,0,0,0,0,0,0,1,1,2,true
10.5285/5517d5d1-1e8c-4e19-b2f1-06f43bc74f1c,EIDC,1,1,0,1,0,0,0,1,0,9,true
10.5285/551a10ae-b8ed-4ebd-ab38-033dd597a374,EIDC,3,3,0,3,0,0,0,7,4,27,true
10.5285/55760544-b0a6-4845-a2e0-1cf533996c64,EIDC,0,0,0,0,0,0,0,1,1,2,true
10.5285/55b4d36f-c5e1-4d64-bb14-0b832dcd4b88,PDC,6,6,0,0,5,1,0,0,0,6,true
10.5285/55b5d76a7edb42e39933c1edc37f7b90,CEDA,0,0,0,0,0,0,0,1,1,2,true
10.5285/55dc5fd7-d3f7-4440-b8a7-7187f8b0550b,EIDC,1,1,0,1,0,0,0,2,1,3,true
10.5285/563cb665bc6e43f99b355a9bb8134317,CEDA,0,0,0,0,0,0,0,1,1,15,true
10.5285/567c0911-83a0-493c-9dc7-15245c1c5f5e,PDC,13,13,0,1,12,0,0,6,5,21,true
10.5285/569712a1-8aae-4df8-b04c-8674ec4c56c7,PDC,1,1,0,0,1,0,0,0,0,2,true
10.5285/569d53fb-9b90-47a6-b3ca-26306e696706,PDC,2,2,0,2,0,0,0,4,2,4,true
10.5285/56a48373-771c-4d4a-8b5a-45ef496c6e55,EIDC,1,1,0,1,0,0,0,1,0,2,true
10.5285/56be2d24-16cd-44ca-8f0c-5416dc38214d,PDC,2,2,0,1,1,0,0,1,0,2,true
10.5285/56d4b055-c66b-42b9-8962-a47dfcf3b8b0,EIDC,0,0,0,0,0,0,0,1,1,2,true
10.5285/56df6379-5b2b-160b-e053-6c86abc01f07,BODC,1,1,0,1,0,0,0,1,0,1,true
10.5285/56ff07acabab42888afe2d20b488ec49,CEDA,0,0,0,0,0,0,0,1,1,1,true
10.5285/57653719-434b-4b11-9f0d-3bd76054d8bd,EIDC,0,0,0,0,0,0,0,2,2,3,true
10.5285/5771191f-8c12-40bf-af62-2624876616de,EIDC,0,0,0,0,0,0,0,1,1,11,true
10.5285/577486c2-c6e1-4588-957d-69c1a3d85628,EIDC,0,0,0,0,0,0,0,1,1,2,true
10.5285/57748e4f-d0a4-4648-8a61-bd1c2066db1e,EIDC,0,0,0,0,0,0,0,1,1,2,true
10.5285/57821b58804945deaf4cdde278563ec2,CEDA,1,1,0,1,0,0,0,2,1,2,true
10.5285/57858a9a-d814-412c-8e79-9a542cd055d4,PDC,1,1,0,1,0,0,0,2,1,2,true
10.5285/5798742d-dd5f-480b-8298-2c2b449cbab3,PDC,1,1,0,0,1,0,0,0,0,3,true
10.5285/57c7f153-0f5c-40ef-bf73-e800cb8d4013,EIDC,1,1,0,1,0,0,0,1,0,2,true
10.5285/57f97915-8ff1-473b-8c77-2564cbd747bc,EIDC,8,8,0,8,0,0,0,9,1,10,true
10.5285/58080f33-884c-4e13-a419-c00cf1bab6a6,PDC,1,1,0,1,0,0,0,3,2,3,true
10.5285/58139ce6-63f9-4444-9f77-fc7b5dcc00d8,EIDC,2,2,0,2,0,0,0,4,2,10,true
10.5285/5841bfae-471b-498c-af89-c30e5140d6c5,EIDC,0,0,0,0,0,0,0,1,1,2,true
10.5285/58709d9b-2b52-4f5d-8f3b-49354e664aea,EIDC,1,1,0,1,0,0,0,1,0,2,true
10.5285/5886c3ba-1fa5-49c0-8da8-40e69a10d2b5,EIDC,1,1,0,1,0,0,0,1,0,20,true
10.5285/58a01734f841466daa1837353aee5ff8,CEDA,0,0,0,0,0,0,0,1,1,9,true
10.5285/58a8802721c94c66ae45c3baa4d814d0,CEDA,28,28,0,28,0,0,0,52,24,54,true
10.5285/58b248a8-6e34-4ffb-ae32-3744566399a2,EIDC,3,3,0,3,0,0,0,3,0,5,true
10.5285/58ef13a9-539f-46e5-88ad-c89274191ff9,EIDC,3,3,0,3,0,0,0,6,3,7,true
10.5285/58f00d8814064b79a0c49662ad3af537,CEDA,17,17,0,17,0,0,0,47,30,50,true
10.5285/58f290ec-b729-40fa-95de-2fa1ac1ba265,PDC,0,0,0,0,0,0,0,8,8,13,true
10.5285/592051e6-016f-49c6-9ef9-799a0f842100,EIDC,2,2,0,2,0,0,0,2,0,8,true
10.5285/5920a2c77e3c45339477acd31ce62c3c,CEDA,11,11,0,11,0,0,0,14,3,16,true
10.5285/5927ce18-0020-451d-b904-9fd78e118976,PDC,0,0,0,0,0,0,0,1,1,3,true
10.5285/5999d471-fe1d-45fa-889d-3156edb785a7,EIDC,1,1,0,1,0,0,0,4,3,5,true
10.5285/59a1555f-1c51-4724-97b5-c61a7bef353d,EIDC,0,0,0,0,0,0,0,1,1,2,true
10.5285/59a7cd0dcd474f5f906ead4073a9be8b,CEDA,1,1,0,1,0,0,0,1,0,9,true
10.5285/59abe798-1b39-4555-b3a6-8c301a61bcaa,EIDC,1,1,0,1,0,0,0,1,0,2,true
10.5285/59be7b09-4024-48e2-b7b3-6a0799196400,PDC,1,1,0,0,1,0,0,0,0,2,true
10.5285/59da8e86-04cc-4f46-a23c-65513d025326,EIDC,1,1,0,1,0,0,0,1,0,2,true
10.5285/59e5a6f5-e67d-4a05-99af-30f656569401,PDC,8,8,0,3,4,1,0,3,0,15,true
10.5285/5a0eaccc-446b-4854-b717-efaec6b83b86,EIDC,1,1,0,0,0,1,0,0,0,2,true
10.5285/5a286921-9031-4abc-b227-79bce58f0640,PDC,6,6,0,1,5,0,0,2,1,7,true
10.5285/5a5ee38c-e296-48a2-85d2-e29db66e5e24,PDC,1,1,0,0,1,0,0,1,1,2,true
10.5285/5a711904-ef42-46a3-9f47-3f0d6b231f65,PDC,0,0,0,0,0,0,0,2,2,4380,true
10.5285/5a715fd9-aefa-40cc-bbb6-56984b6db554,EIDC,2,2,0,2,0,0,0,2,0,12,true
10.5285/5a93161f-0124-4650-a2c9-7e8aaea7e6bb,EIDC,1,1,0,1,0,0,0,1,0,2,true
10.5285/5aa32fb863a048f0b24c541639cfd990,CEDA,1,1,0,1,0,0,0,1,0,1,true
10.5285/5aa8c5b4-4485-4954-b5c3-18d937a418f7,EIDC,1,1,0,1,0,0,0,2,1,3,true
10.5285/5acfd143-1104-7b58-e053-6c86abc0d94b,BODC,7,7,0,7,0,0,0,29,22,37,true
10.5285/5aeda581-b4f2-4e51-b1a6-890b6b3403a3,EIDC,7,7,0,6,0,1,0,6,0,39,true
10.5285/5afbbd36-2c63-4aa1-8177-695bed98d7a9,EIDC,2,2,0,2,0,0,0,2,0,3,true
10.5285/5afccfe5-142e-4e93-a6cc-55216fa1db06,NGDC,1,1,0,1,0,0,0,1,0,1,true
10.5285/5b34d963-d0f0-465e-b395-e955b89e1cd7,EIDC,0,0,0,0,0,0,0,1,1,2,true
10.5285/5b3fcf9f-19d4-4ad3-a8bb-0a5ea02c857e,EIDC,1,1,0,1,0,0,0,1,0,2,true
10.5285/5b5a13b6-2304-47e3-9c9d-35237d1232c6,EIDC,1,1,0,1,0,0,0,6,5,7,true
10.5285/5b6033bfb7f241e89132a83fdc3d5364,CEDA,2,2,0,2,0,0,0,5,3,6,true
10.5285/5b75a1dc-6f24-43bc-b93a-c1dcf633f12a,PDC,1,1,0,1,0,0,0,1,0,1,true
10.5285/5b89d8f3-86f0-431c-844f-eda5ddae9042,EIDC,1,1,0,1,0,0,0,1,0,2,true
10.5285/5ba67d62cdc249a3bc5b1c38b339beb3,CEDA,1,1,0,1,0,0,0,2,1,3,true
10.5285/5baa5d91-d552-4fc6-8a8c-29ae45192d77,EIDC,1,1,0,1,0,0,0,1,0,2,true
10.5285/5bf972a8-c9a3-4721-8089-552dfe3ff124,EIDC,1,1,0,1,0,0,0,1,0,2,true
10.5285/5c2b70d069cb467ab73e80b84c3e395a,CEDA,0,0,0,0,0,0,0,1,1,5,true
10.5285/5c35d22b-2078-4b5f-b02f-d7b03ef49af9,NGDC,0,0,0,0,0,0,0,1,1,1,true
10.5285/5c380c93-986e-499c-b09f-25939daf4766,PDC,1,1,0,1,0,0,0,1,0,2,true
10.5285/5c6447bc-7a49-4f0d-a782-3c542c2662ae,PDC,2,2,0,0,2,0,0,1,1,3,true
10.5285/5c6b2bcb-6b10-4c57-a595-ce94a655e709,EIDC,0,0,0,0,0,0,0,1,1,2,true
10.5285/5c8bc811-edab-4e1d-bceb-afb9623b9afa,CEDA,0,0,0,0,0,0,0,1,1,3,true
10.5285/5c8c8f74-5287-4251-87f7-2b965b400624,EIDC,1,1,0,1,0,0,0,1,0,2,true
10.5285/5c9c946d-34f8-4afb-83e3-f0cbc7123fec,EIDC,0,0,0,0,0,0,0,1,1,2,true
10.5285/5c9eb939-ebc3-46f6-8690-ed1d9c46bca6,NGDC,1,1,0,1,0,0,0,1,0,2,true
10.5285/5d080fef-613a-4f24-a613-b249ccdd12bf,EIDC,0,0,0,0,0,0,0,2,2,4,true
10.5285/5d0f211e-d391-4861-8f12-e04a65108ae7,EIDC,1,1,0,1,0,0,0,1,0,2,true
10.5285/5d19f6e2-1383-41ed-92d2-138d95bf4c72,EIDC,1,1,0,1,0,0,0,1,0,2,true
10.5285/5d497e91-29a6-4760-a9b0-904c93052671,PDC,2,2,0,0,2,0,0,0,0,2,true
10.5285/5d63777d-b375-4791-918f-9a5527093298,PDC,1,1,0,1,0,0,0,2,1,4,true
10.5285/5d8221e070e64823891bed7a87840447,CEDA,1,1,0,1,0,0,0,1,0,6,true
10.5285/5db2099606b94e63879d841c87e654ae,CEDA,1,1,0,1,0,0,0,3,2,10,true
10.5285/5dd624a9-55c9-4cc0-b366-d335991073c7,EIDC,5,5,0,5,0,0,0,8,3,9,true
10.5285/5e268e86-4a4f-4112-bf2d-c3b0179c915c,EIDC,0,0,0,0,0,0,0,1,1,2,true
10.5285/5e2cf315-9265-4605-8643-382f2557009b,PDC,3,3,0,0,3,0,0,0,0,7,true
10.5285/5e48b31e413b480792e4156191b654f4,CEDA,1,1,0,1,0,0,0,1,0,1,true
10.5285/5e78ff91e9cd4143bfa3b7358efd2607,CEDA,1,1,0,1,0,0,0,2,1,3,true
10.5285/5e9fe20b-8d00-4bd3-99cb-7989fa781348,EIDC,0,0,0,0,0,0,0,1,1,13,true
10.5285/5f0605e4-aa2a-48ab-b47c-bf5510823e8f,EIDC,8,8,0,8,0,0,0,18,10,19,true
10.5285/5f2e06df-d141-4549-95b6-6a56300fc790,EIDC,1,1,0,1,0,0,0,1,0,2,true
10.5285/5f331c418e9f4935b8eb1b836f8a91b8,CEDA,15,15,0,15,0,0,0,30,15,32,true
10.5285/5f3c1a02-d5c4-4faa-9353-e8b68ce2ace2,EIDC,2,2,0,2,0,0,0,2,0,6,true
10.5285/5f545c54-6d76-4328-ba10-9a358456f035,PDC,3,3,0,1,2,0,0,1,0,14,true
10.5285/5f5bad08-c968-4840-8bb0-1388ce70d42e,PDC,0,0,0,0,0,0,0,1,1,2,true
10.5285/5f6661e4-1d34-4b01-8f3a-9fc86c546f73,EIDC,1,1,0,1,0,0,0,1,0,4,true
10.5285/5f68fce1-863e-4173-acdb-0ed03cca1c95,PDC,3,3,0,1,2,0,0,1,0,4,true
10.5285/5f7206e5854246a9ae7498305d620590,CEDA,0,0,0,0,0,0,0,1,1,1,true
10.5285/5f75fcb0c58740d99b07953797bc041e,CEDA,4,4,0,4,0,0,0,8,4,11,true
10.5285/5fb5fbde-7797-44fa-afa6-4553b122fdef,PDC,1,1,0,1,0,0,0,1,0,6,true
10.5285/5fdccbe5-066b-4130-8431-d6389c31cea2,EIDC,1,1,0,1,0,0,0,1,0,2,true
10.5285/5ffbc89e-ebed-4fdc-9563-bad42f50e8ce,EIDC,0,0,0,0,0,0,0,1,1,28,true
10.5285/602f11d9a2034dae9d0a7356f9aeaf45,CEDA,2,2,0,2,0,0,0,3,1,4,true
10.5285/6034214ae46c48a7835608866a823f56,CEDA,2,2,0,2,0,0,0,2,0,4,true
10.5285/603629d9-618c-4a26-8a1d-235a4c8f4791,EIDC,1,1,0,1,0,0,0,1,0,18,true
10.5285/6071926f-32e0-4681-a50d-aab08f42c08a,PDC,0,0,0,0,0,0,0,2,2,2,true
10.5285/60764028-adeb-4316-987a-14b3b21a8f9a,EIDC,1,1,0,1,0,0,0,7,6,8,true
10.5285/60782622-7bfa-4615-a9e3-0a802a9f4674,EIDC,1,1,0,1,0,0,0,4,3,5,true
10.5285/60b820fa10804fca9c3f1ddfa5ef42a1,CEDA,0,0,0,0,0,0,0,4,4,12,true
10.5285/60dd0b8f-f0c3-4e30-841b-1c2067052974,EIDC,0,0,0,0,0,0,0,1,1,2,true
10.5285/60eeb3cce51a457cb5ee1c577a0c8674,CEDA,0,0,0,0,0,0,0,1,1,2,true
10.5285/6106dabc-51af-41c5-866c-ce8c9e401fd9,PDC,1,1,0,1,0,0,0,2,1,12,true
10.5285/61100705-dfbc-489d-b729-1268ec743bbf,PDC,4,4,0,1,3,0,0,1,0,5,true
10.5285/6128a4f7-d2ac-43c5-b492-af4c654e89b8,EIDC,0,0,0,0,0,0,0,1,1,2,true
10.5285/614752d35dc147a598d5421443fb50e8,CEDA,1,1,0,1,0,0,0,3,2,3,true
10.5285/61640ba9-ffdd-4eda-9e83-dafc01ba8cc7,EIDC,2,2,0,2,0,0,0,2,0,3,true
10.5285/61b7a51d72b54692890d45818307d72f,CEDA,1,1,0,1,0,0,0,2,1,4,true
10.5285/61c5097b-6717-4692-a8a4-d32cca0e61a9,PDC,2,2,0,1,1,0,0,1,0,3,true
10.5285/61cd9961ecef43edadae89f842598f47,CEDA,0,0,0,0,0,0,0,1,1,15,true
10.5285/61f10c74-8c2c-4637-a274-5fa9b2e5ce44,EIDC,11,11,0,11,0,0,0,16,5,17,true
10.5285/621cf434-1517-4b36-887d-4285315af695,PDC,5,5,0,1,4,0,0,2,1,10,true
10.5285/6231bd5b-ee2d-4cca-a9ef-88006ffa4976,EIDC,0,0,0,0,0,0,0,1,1,2,true
10.5285/623a38dd-66e8-42e2-b49f-65a15d63beb5,EIDC,1,1,0,1,0,0,0,2,1,3,true
10.5285/6244cca4-8eaa-41a0-a9c1-d89167b02b85,PDC,4,4,0,2,2,0,0,2,0,7,true
10.5285/62774180-ae72-4873-9482-e8be3935f533,EIDC,0,0,0,0,0,0,0,2,2,3,true
10.5285/62800d3d2227449085b430b503d36b01,CEDA,0,0,0,0,0,0,0,2,2,2,true
10.5285/6285564c34a246fc9ba5ce053d85e5e7,CEDA,0,0,0,0,0,0,0,1,1,2,true
10.5285/62866635ab074e07b93f17fbf87a2c1a,CEDA,1,1,0,1,0,0,0,1,0,1,true
10.5285/629882a1-7c29-46d0-bf2c-debbfdfeea22,PDC,1,1,0,1,0,0,0,1,0,2,true
10.5285/62b9e5c5-190a-4137-ad95-3565e99395fe,PDC,3,3,0,1,2,0,0,1,0,5,true
10.5285/62c0f97b1eac4e0197a674870afe1ee6,CEDA,14,14,0,14,0,0,0,29,15,31,true
10.5285/630759ac-b0ca-4561-8eec-414b47e14829,EIDC,1,1,0,1,0,0,0,1,0,2,true
10.5285/634ee206-258f-4b47-9237-efff4ef9eedd,PDC,1,1,0,1,0,0,0,1,0,1,true
10.5285/637d60d6-1571-49af-93f7-24c1279d884d,EIDC,4,4,0,4,0,0,0,8,4,9,true
10.5285/637eeed6-7175-4346-9321-0c14332456c6,NGDC,2,2,0,2,0,0,0,2,0,2,true
10.5285/639a3714-bc74-46a6-9026-64931f355e07,CEDA,1,1,0,1,0,0,0,1,0,1,true
10.5285/63b748ee-22a4-42ca-8a34-20321f6ab8af,EIDC,1,1,0,1,0,0,0,1,0,2,true
10.5285/63d516f4-5876-46bb-b16f-e5241561fb97,PDC,1,1,0,0,1,0,0,0,0,1,true
10.5285/6410a578-d21a-4285-8e9c-57efbe2b60d5,EIDC,2,2,0,1,0,1,0,1,0,3,true
10.5285/6429828f-6a06-4d2d-8f50-4910b18f7ff4,EIDC,1,1,0,1,0,0,0,1,0,3,true
10.5285/6429d1aafe1e43b9b414e4a5a7f8b903,CEDA,0,0,0,0,0,0,0,1,1,1,true
10.5285/643aa9bc-bcd6-45ad-e053-6c86abc07da0,BODC,0,0,0,0,0,0,0,1,1,1,true
10.5285/643eb5a9-9707-4fbb-ae76-e8e53271d1a0,EIDC,7,7,0,7,0,0,0,13,6,21,true
10.5285/6448e7c92d4e48188533432f6b26fe22,CEDA,1,1,0,1,0,0,0,2,1,2,true
10.5285/649bbe03-8109-45be-92e5-bcef44a4703a,PDC,0,0,0,0,0,0,0,1,1,8,true
10.5285/64f5d7be890a4ac08cb2b4e78eb5fcc1,CEDA,0,0,0,0,0,0,0,1,1,24,true
10.5285/64fa14764534431f805e747249786f88,CEDA,1,1,0,1,0,0,0,1,0,2,true
10.5285/65140444-b5fa-4a5e-9ab4-e86c106051e2,PDC,6,6,0,1,5,0,0,1,0,10,true
10.5285/65400133-9cfb-4cf4-bffd-97f1c3752025,EIDC,1,1,0,1,0,0,0,3,2,4,true
10.5285/6549203d-da8b-4a22-924b-a9e1471ea7f1,PDC,4,6,0,0,6,0,0,1,1,9,true
10.5285/656204c257144708a641507c78187aaa,CEDA,0,0,0,0,0,0,0,3,3,3,true
10.5285/656ac8ee1d42443f9addcbce28c1b137,CEDA,1,1,0,1,0,0,0,2,1,3,true
10.5285/6575cd7a-cfba-4820-9fa6-257161b4d24b,PDC,4,4,0,1,3,0,0,1,0,8,true
10.5285/657a64b2-8c34-43d2-a0f0-662ddf73c720,EIDC,1,1,0,1,0,0,0,1,0,2,true
10.5285/657f420e-f956-4c33-b7d6-98c7a18aa07a,EIDC,2,2,0,2,0,0,0,5,3,6,true
10.5285/65abc40d-e256-414b-8b50-a5569556d1be,PDC,1,1,0,0,1,0,0,0,0,2,true
10.5285/65b23264-2991-4ce2-83e7-7729a3947d75,EIDC,1,1,0,1,0,0,0,1,0,2,true
10.5285/65ecd65f-e518-4cf5-85bf-7d93e66fdb96,EIDC,1,1,0,1,0,0,0,1,0,2,true
10.5285/65edb979-eebd-4331-94f6-52f0844fb3cb,EIDC,1,1,0,1,0,0,0,1,0,2,true
10.5285/665f8055-8f82-4395-92de-c29ac9d30b23,PDC,0,0,0,0,0,0,0,1,1,2,true
10.5285/668bf042-d0de-4741-a62e-2ae93b6f7106,PDC,0,0,0,0,0,0,0,1,1,1,true
10.5285/66aaf3c8-fa58-41de-8ef1-480a2e125408,PDC,0,0,0,0,0,0,0,1,1,2,true
10.5285/66cc8fd4-e722-44c4-9363-5930b8373b2c,EIDC,1,1,0,1,0,0,0,1,0,2,true
10.5285/66e39885a60e4b6386752b1a295f268a,CEDA,0,0,0,0,0,0,0,1,1,2,true
10.5285/672f5522-7917-42fc-a806-65cb5c1d2709,EIDC,22,22,0,22,0,0,0,22,0,29,true
10.5285/673b2b31-562c-4604-8776-4a92988867b8,EIDC,0,0,0,0,0,0,0,1,1,3,true
10.5285/674d4224-7cc5-4080-e053-6c86abc0626e,BODC,0,0,0,0,0,0,0,1,1,1,true
10.5285/677d189b-0251-4785-bfd0-5a26b81c16e1,PDC,1,1,0,1,0,0,0,1,0,2,true
10.5285/67a3f8c8dc914ef99f7f08eb0d997e23,CEDA,7,7,0,7,0,0,0,11,4,17,true
10.5285/67bbfabb-d981-4ced-b7e7-225205de9c96,EIDC,6,6,0,6,0,0,0,7,1,8,true
10.5285/67c95112-edee-435f-9355-9d8bab3a5634,EIDC,0,0,0,0,0,0,0,1,1,2,true
10.5285/67ceb7c8-218c-46e1-9927-cfef2dd95526,PDC,0,0,0,0,0,0,0,1,1,6,true
10.5285/67ed591ff81f4d5c88df631faf1c9c7a,CEDA,1,1,0,1,0,0,0,1,0,1,true
10.5285/67f9fe33-14dd-4676-9a6d-65fdbafe2a46,EIDC,1,1,0,1,0,0,0,1,0,2,true
10.5285/68315d6d-e7bf-4da0-a73a-5d6e0ba242a7,PDC,1,1,0,1,0,0,0,1,0,5,true
10.5285/687b38d3-2278-41a0-9317-2c7595d6b882,EIDC,1,1,0,1,0,0,0,1,0,2,true
10.5285/6909792b-fadf-4de6-ac2a-d32fa76a8339,PDC,1,1,0,1,0,0,0,1,0,2,true
10.5285/692fb625-ea99-4896-8354-b4da490535bb,PDC,2,2,0,1,1,0,0,1,0,3,true
10.5285/69402002-1676-4de9-a04e-d17e827db93c,EIDC,3,3,0,3,0,0,0,10,7,13,true
10.5285/694d1d07-da51-42b7-94b0-4404e50bdf99,PDC,3,3,0,0,3,0,0,0,0,3,true
10.5285/697eb954-f60c-603b-e053-6c86abc00062,BODC,1,1,0,1,0,0,0,1,0,2,true
10.5285/69a0d888-9f6b-4e67-8d29-402af1412d8e,EIDC,0,0,0,0,0,0,0,1,1,2,true
10.5285/69ae1fa2-cf1d-44da-8415-d9cc512c0256,PDC,2,2,0,0,2,0,0,2,2,5,true
10.5285/69b2c9c6c4714517ba10dab3515e4ee6,CEDA,1,1,0,1,0,0,0,2,1,6,true
10.5285/69eb8320-9d2b-4cc1-818a-83d14c15c491,PDC,1,1,0,0,1,0,0,0,0,3,true
10.5285/69f4b59d-4674-455c-88cc-e8b8634d2cb5,PDC,1,1,0,1,0,0,0,1,0,1,true
10.5285/6a27ab9e-1258-49b1-bd2c-fcbed310ab45,PDC,2,2,0,1,1,0,0,2,1,3,true
10.5285/6a3382cc-f5f4-4d68-9517-c62fadd8af4f,EIDC,0,0,0,0,0,0,0,2,2,5,true
10.5285/6a408415-0575-49c6-af69-b568e343266d,EIDC,5,5,0,5,0,0,0,5,0,6,true
10.5285/6a4d6fa2-d713-45ab-a30a-7130795e29d2,PDC,0,0,0,0,0,0,0,1,1,1,true
10.5285/6a5a80f9-4c30-4ad6-a5be-ccba53f8a464,PDC,1,1,0,1,0,0,0,1,0,2,true
10.5285/6a6ccbb8ef2645308a60dc47e9b8b5fb,CEDA,0,0,0,0,0,0,0,1,1,5,true
10.5285/6aab5ff3-1c0f-1105-e053-6c86abc043e2,BODC,0,0,0,0,0,0,0,1,1,1,true
10.5285/6ab0ee70-96f8-41e6-a3e3-6f4c31fa5372,EIDC,0,0,0,0,0,0,0,2,2,3,true
10.5285/6ac947db-fc01-4ae0-ac4a-6d6ff016aad1,CEDA,1,1,0,1,0,0,0,1,0,1,true
10.5285/6ad6792f44c84c228651b01d182d9d73,CEDA,0,0,0,0,0,0,0,1,1,24,true
10.5285/6aeba247-52d1-4e84-949f-603742af40c1,EIDC,2,2,0,2,0,0,0,5,3,6,true
10.5285/6b0c4358-2bf3-4924-aa8f-793d468b92be,EIDC,15,15,0,15,0,0,0,27,12,30,true
10.5285/6b68b5e1ffd2467886386eaf0dfafd24,CEDA,1,1,0,1,0,0,0,1,0,1,true
10.5285/6bb55fd0-c4ef-4044-8acc-d6641c19e00c,NGDC,1,1,0,1,0,0,0,2,1,2,true
10.5285/6be00174-6544-4156-b1df-8678f6df2034,EIDC,1,1,0,1,0,0,0,1,0,2,true
10.5285/6be0a803-78d4-4ca9-be02-3838866763c3,PDC,2,2,0,0,0,2,0,0,0,7,true
10.5285/6be7d300-b42c-42f4-af59-2138e2a4dfe4,PDC,7,7,0,2,5,0,0,2,0,11,true
10.5285/6be871bc-9572-4345-bb9a-2c42d9d85ceb,CEDA,0,0,0,0,0,0,0,3,3,4,true
10.5285/6c22cf6e-b224-414e-aa85-900325baedbd,EIDC,5,5,0,5,0,0,0,8,3,9,true
10.5285/6c28fe74-1a14-42ac-ae60-c2bc05c360b6,PDC,1,1,0,1,0,0,0,1,0,3,true
10.5285/6c441aea187b44819b9e929e575b0d7e,CEDA,0,0,0,0,0,0,0,1,1,20,true
10.5285/6c535793-034d-4c4f-8a00-497315e7d689,EIDC,1,1,0,1,0,0,0,2,1,3,true
10.5285/6c6c9203-7333-4d96-88ab-78925e7a4e73,EIDC,79,79,0,79,0,0,0,107,28,108,true
10.5285/6c6d3844-e95a-4f84-a12e-65be4731e934,EIDC,4,4,0,4,0,0,0,7,3,10,true
10.5285/6cc129aa-5dae-4c3c-a471-4974c2bcb8bf,PDC,4,4,0,0,4,0,0,0,0,5,true
10.5285/6cd12de1-02c7-4f94-86f0-c11e76b86067,PDC,1,1,0,1,0,0,0,1,0,2,true
10.5285/6ce61e91-6912-4fe2-a095-12136af86347,EIDC,0,0,0,0,0,0,0,2,2,3,true
10.5285/6cf0b33e-a192-549f-e053-6c86abc01204,BODC,1,1,0,1,0,0,0,2,1,2,true
10.5285/6cffd348-dad7-46f9-9c5b-8d904dd5b2a2,EIDC,0,0,0,0,0,0,0,2,2,24,true
10.5285/6d07d60a-4cb9-44e4-be39-89ea40365236,EIDC,1,1,0,1,0,0,0,1,0,2,true
10.5285/6d65b406-237c-425d-9356-39b77ac30e85,PDC,0,0,0,0,0,0,0,1,1,4,true
10.5285/6d8d5cb5-bd54-4da7-903a-15bd4bbd531b,EIDC,5,5,0,5,0,0,0,11,6,12,true
10.5285/6d94d084-6c9d-4f81-8a3f-0b82de827858,EIDC,0,0,0,0,0,0,0,1,1,5,true
10.5285/6da95899-f3b8-4089-b621-560818aa78ba,EIDC,1,1,0,1,0,0,0,3,2,5,true
10.5285/6e2091cb0c8b4106921b63cd5357c97c,CEDA,7,7,0,7,0,0,0,9,2,16,true
10.5285/6e35ef4b-35fa-4a0d-a3f5-b86c820bc4c4,PDC,8,8,0,2,5,1,0,2,0,12,true
10.5285/6e4a0ad0-8f43-4b8b-bca5-983db79d2627,PDC,20,20,0,0,20,0,0,0,0,21,true
10.5285/6e67cba0-c872-4146-bc09-d6c98731f3b3,EIDC,1,1,0,1,0,0,0,2,1,8,true
10.5285/6e70665f-b558-4949-b42a-49fbaec7e7cc,EIDC,0,0,0,0,0,0,0,1,1,2,true
10.5285/6ebcb73158b14cd5a321b7c0bc6ed393,CEDA,1,1,0,1,0,0,0,2,1,8,true
10.5285/6ecb7be8-6b68-44a7-8aac-abbbb591b4e5,PDC,19,19,0,0,19,0,0,0,0,20,true
10.5285/6ed9f4ea-6b89-4059-84e3-5c4118b68db9,PDC,0,0,0,0,0,0,0,1,1,3,true
10.5285/6f4ac352b19341eb8c5b26644845ac35,CEDA,0,0,0,0,0,0,0,1,1,9,true
10.5285/6f687000-8a7b-4207-9a5c-8d1429397c70,PDC,0,0,0,0,0,0,0,1,1,4,true
10.5285/6f70d562-8fcf-4ecd-adaf-cbc5800cc326,EIDC,1,1,0,1,0,0,0,2,1,3,true
10.5285/6fcc17ad-425b-4367-bd23-c4133a38e359,PDC,1,1,0,1,0,0,0,1,0,4,true
10.5285/6feac38a-5847-46f9-84e4-e7e9d291f935,PDC,4,4,0,0,1,3,0,0,0,4,true
10.5285/70146c789eda4296a3c3ab6706931d56,CEDA,1,1,0,1,0,0,0,3,2,4,true
10.5285/7045c297-a59d-4801-be4c-a5b95b539358,PDC,1,1,0,1,0,0,0,1,0,1,true
10.5285/7055965b-7fe5-442b-902d-63193cbe001c,EIDC,1,1,0,1,0,0,0,2,1,3,true
10.5285/705abc2d9988444ba79e942f22219bc0,CEDA,2,2,0,2,0,0,0,2,0,5,true
10.5285/7079d6e8-6184-4f80-89b4-4db924ec8b05,EIDC,0,0,0,0,0,0,0,1,1,8,true
10.5285/70905d9c-6dc0-421b-b20b-1e2dff97e802,PDC,0,0,0,0,0,0,0,1,1,4,true
10.5285/709cbc2f-af5c-4d09-a4ea-6deb5aa8c5d8,NGDC,0,0,0,0,0,0,0,3,3,3,true
10.5285/70ac5759-34ee-4f39-9069-2116db592340,PDC,0,0,0,0,0,0,0,6,6,14,true
10.5285/70adab3d-3632-400d-9aa1-ddf2d62a11b3,PDC,5,5,0,2,3,0,0,2,0,15,true
10.5285/70b5cdda-72df-4007-b10e-d75b4046e603,EIDC,0,0,0,0,0,0,0,1,1,6,true
10.5285/70c8609b-2f88-4948-8af4-2ff90262547c,PDC,1,1,0,0,1,0,0,0,0,2,true
10.5285/70ee24a5-d19c-4ca8-a1ce-ca4b51e54933,EIDC,1,1,0,1,0,0,0,1,0,2,true
10.5285/70f40e63092b4f2ab9c9860b7093db00,CEDA,0,0,0,0,0,0,0,1,1,3,true
10.5285/70f611b0-ba82-48e6-9190-a62cf9f925f2,CEDA,0,0,0,0,0,0,0,4,4,5,true
10.5285/7115bc48-3ab0-475d-84ae-fd3126c20984,EIDC,3,3,0,3,0,0,0,15,12,16,true
10.5285/711c8dc1-0f4e-42ad-a703-8b5d19c92247,EIDC,4,4,0,4,0,0,0,11,7,12,true
10.5285/714fe9fc-ce77-4479-8053-1c5fd4e86f06,NGDC,1,1,0,1,0,0,0,1,0,1,true
10.5285/71820e7d-c628-4e32-969f-464b7efb187c,PDC,1,1,0,1,0,0,0,1,0,7,true
10.5285/71d3619c-4439-4c9e-84dc-3ca873d7f5cc,EIDC,3,3,0,3,0,0,0,7,4,11,true
10.5285/71ddb087-59e6-432a-8d3e-72cbce251ee9,EIDC,0,0,0,0,0,0,0,1,1,2,true
10.5285/71dfd312-a493-42fc-822a-29f3dca66dc0,PDC,1,1,0,1,0,0,0,1,0,1,true
10.5285/71e5b799-fc4d-4a44-8860-a5e358c807fd,EIDC,1,1,0,1,0,0,0,2,1,3,true
10.5285/7215b345-a75d-468f-a721-0c9d128e86dd,PDC,1,1,0,1,0,0,0,1,0,2,true
10.5285/7220dc6b-2f52-4160-a6c0-e57c50963308,PDC,4,4,0,0,4,0,0,0,0,5,true
10.5285/7262ce48-0cc3-4998-89ee-36d676bd057d,EIDC,0,0,0,0,0,0,0,1,1,2,true
10.5285/727c1c4e-e097-44a4-abc7-74a4cc9acbfc,EIDC,1,1,0,1,0,0,0,1,0,2,true
10.5285/7285337b-09b6-37a5-e053-6c86abc06363,BODC,0,0,0,0,0,0,0,1,1,1,true
10.5285/7294d93479654c139770f13fae4142d1,CEDA,2,2,0,2,0,0,0,3,1,3,true
10.5285/72c05810-eb66-49e1-9107-dec8cde3b07e,EIDC,0,0,0,0,0,0,0,1,1,2,true
10.5285/72e8f817-01a6-42d2-b187-a5ebf43853a1,EIDC,1,1,0,1,0,0,0,3,2,4,true
10.5285/72f46ad0-063d-49a7-ba89-45edc5d9aac7,PDC,1,1,0,1,0,0,0,2,1,5,true
10.5285/738dc233-3bd7-4174-aa98-8c33fc35f344,NGDC,0,0,0,0,0,0,0,1,1,1,true
10.5285/73f50a04-0a2a-4e69-bb4e-ee6fffa4c026,PDC,3,3,0,0,3,0,0,0,0,4,true
10.5285/740348c5-796b-4a28-bc7f-b0eaf1ee3452,EIDC,0,0,0,0,0,0,0,1,1,20,true
10.5285/7491427f8c3442ce825ba5472c224322,CEDA,1,1,0,1,0,0,0,1,0,1,true
10.5285/74a588cc-723c-4a35-ac0c-223f5b92ee36,EIDC,6,6,0,6,0,0,0,45,39,47,true
10.5285/74c2ed9d-6ab4-4d24-863d-5991afbe84ce,NGDC,0,0,0,0,0,0,0,1,1,1,true
10.5285/74e4e6ec-a119-4dc7-8ada-9513252b1b60,EIDC,0,0,0,0,0,0,0,2,2,5,true
10.5285/74fab393-2718-4bdb-b229-190ae72a9fe1,PDC,0,0,0,0,0,0,0,1,1,2,true
10.5285/7504be9b-93ba-44af-a17f-00c84554b819,PDC,1,1,0,0,1,0,0,0,0,2,true
10.5285/75161449-1382-42a4-bb91-58835740cc75,EIDC,0,0,0,0,0,0,0,1,1,2,true
10.5285/7525088d-e504-456a-bc55-e48d8ca85303,EIDC,1,1,0,1,0,0,0,2,1,3,true
10.5285/7545a606606c4e9bb6139dfc21a95264,CEDA,1,1,0,1,0,0,0,1,0,1,true
10.5285/755e0369-f8db-4550-aabe-3f9c9fbcb93d,EIDC,3,3,0,3,0,0,0,6,3,10,true
10.5285/756571adbea845f3a78e75e2aef9d968,CEDA,0,0,0,0,0,0,0,1,1,1,true
10.5285/75aa66c1-47b4-4344-ab5d-52ff2913a61e,PDC,2,2,0,2,0,0,0,3,1,5,true
10.5285/75f2072e-f708-46d8-baff-0c6d02d81ede,EIDC,1,1,0,1,0,0,0,1,0,2,true
10.5285/75fd6660-bd4f-40ff-a8fb-a4f1f0c8fed2,PDC,19,19,0,0,19,0,0,0,0,20,true
10.5285/76057b0a-b18f-496f-891c-d5b22bd0b291,EIDC,1,1,0,1,0,0,0,2,1,9,true
10.5285/761cee06-cb94-476e-bb62-69ae634aa5ca,EIDC,1,1,0,1,0,0,0,1,0,2,true
10.5285/76534d05-ba4e-47b7-9685-0a8c88404ef2,PDC,0,0,0,0,0,0,0,1,1,1,true
10.5285/768258e0-8719-446f-b20f-587725d55774,PDC,0,0,0,0,0,0,0,1,1,2,true
10.5285/76a29c5b55204b66a40308fc2ba9cdb3,CEDA,9,9,0,9,0,0,0,16,7,19,true
10.5285/76cad0b4f6f141ada1c44a4ce9e7d4bd,CEDA,1,1,0,1,0,0,0,3,2,5,true
10.5285/76d6772d-477e-4a49-a4a6-a0fe6a0a9ba9,EIDC,0,0,0,0,0,0,0,1,1,2,true
10.5285/76dec018-3ea8-4ecc-9b53-5dd915daf214,PDC,3,3,0,1,2,0,0,1,0,5,true
10.5285/76ebdc0b-0eed-4f70-b89e-55e606bcd568,CEDA,25,25,0,25,0,0,0,33,8,34,true
10.5285/76f8c5c0-6dde-407a-9710-2bca2e041512,EIDC,1,1,0,1,0,0,0,1,0,3,true
10.5285/7713d170-f6a3-4aa7-83c8-fe91278517ce,EIDC,1,1,0,1,0,0,0,1,0,2,true
10.5285/7727ce7d-531e-4d77-b756-5cc59ff016bd,EIDC,3,3,0,3,0,0,0,4,1,5,true
10.5285/776612d1-573c-49c4-aff5-23b0fba48271,PDC,2,2,0,0,2,0,0,1,1,7,true
10.5285/7794cbfa-1d74-4885-b303-8c20f4608728,EIDC,0,0,0,0,0,0,0,1,1,2,true
10.5285/77b64c55-7166-4a06-9def-2e400398e452,PDC,10,10,0,9,1,0,0,18,9,25,true
10.5285/77be89f3-1f60-4749-b1b0-5f037e3d25e5,PDC,1,1,0,0,1,0,0,0,0,2,true
10.5285/77ca631f-a3a4-4f26-bc90-57bb17baa6fc,PDC,1,1,0,1,0,0,0,1,0,7,true
10.5285/77dff70c-2ae7-2e66-e053-6c86abc05dc6,BODC,0,0,0,0,0,0,0,1,1,1,true
10.5285/7803de8b-8a74-466b-888e-e8c737bf21ce,PDC,5,5,0,0,5,0,0,1,1,6,true
10.5285/78114093-e2bd-4601-8ae5-3551e62aef2b,CEDA,3,3,0,3,0,0,0,6,3,7,true
10.5285/78284adb-92be-4bea-ab10-080779ee58c3,PDC,1,1,0,0,0,1,0,0,0,1,true
10.5285/782ec845-2135-4698-8881-b38823e533bf,EIDC,8,8,0,8,0,0,0,36,28,37,true
10.5285/783515b1-ac01-4615-a24c-629fe37a63a2,PDC,0,0,0,0,0,0,0,1,1,2,true
10.5285/78408af3-452f-41af-95f3-ffc13b05c232,EIDC,0,0,0,0,0,0,0,1,1,2,true
10.5285/785ef9d3965442669bff899540747e28,CEDA,0,0,0,0,0,0,0,1,1,10,true
10.5285/786969f7-ff58-42d3-9175-3f792a7fd9f7,NGDC,0,0,0,0,0,0,0,1,1,1,true
10.5285/786b3ce6be54468496a3e11ce2f2669c,CEDA,1,1,0,1,0,0,0,2,1,22,true
10.5285/789bea37-0450-4822-9857-3dc848feb937,EIDC,1,1,0,1,0,0,0,1,0,6,true
10.5285/78bc21a9-39e0-4efc-992c-5587439fe6be,EIDC,1,1,0,1,0,0,0,1,0,2,true
10.5285/78c64025-1f8d-431c-bdeb-e69a5877d2ed,EIDC,7,7,0,7,0,0,0,10,3,15,true
10.5285/78ca9a01-107b-4f33-8561-9c3e64db7e02,EIDC,3,3,0,3,0,0,0,4,1,5,true
10.5285/78d3824b-2612-4707-ae2e-26f82bdd5dad,EIDC,1,1,0,1,0,0,0,1,0,2,true
10.5285/79103bda-8913-39f3-e053-6c86abc0567a,BODC,1,1,0,1,0,0,0,1,0,2,true
10.5285/791f7613-c7a4-44e0-b197-53f92757f875,EIDC,2,2,0,2,0,0,0,4,2,5,true
10.5285/7925ded722d743fa8259a93acc7073f2,CEDA,1,1,0,1,0,0,0,1,0,3,true
10.5285/793874b5-48b0-4971-8172-1cf97c35230f,EIDC,0,0,0,0,0,0,0,1,1,2,true
10.5285/7946c497-72fc-41cb-a9b2-bf9980efe156,PDC,7,9,0,0,9,0,0,0,0,14,true
10.5285/7949cc99-76c4-4a3e-8c33-41a35b8b7777,EIDC,2,2,0,2,0,0,0,2,0,3,true
10.5285/794c609b-da62-4a42-a4c1-267219865bb1,EIDC,1,1,0,1,0,0,0,7,6,14,true
10.5285/79604721-049b-42ab-a8d7-a9c8b18a193f,EIDC,0,0,0,0,0,0,0,1,1,2,true
10.5285/79669141-cde5-49f0-b24d-f3c6a1a52db8,EIDC,6,6,0,6,0,0,0,9,3,10,true
10.5285/7987c6d4-973d-436d-a13b-c52997d0bce5,EIDC,1,1,0,1,0,0,0,3,2,8,true
10.5285/799db965-3ce7-4e9b-8590-de6a8624d652,EIDC,0,0,0,0,0,0,0,1,1,3,true
10.5285/79c8eb39-5c19-440e-804f-816cd0b8e4bd,PDC,1,1,0,1,0,0,0,1,0,2,true
10.5285/79de7b6e-93c2-45d3-b11d-de156dc4fefc,EIDC,0,0,0,0,0,0,0,1,1,2,true
10.5285/79e63097-f5dc-41ff-8ca5-36bc4f95a6ff,PDC,2,2,0,1,1,0,0,2,1,6,true
10.5285/7a150d33-956b-0fec-e053-6c86abc0b35c,BODC,0,0,0,0,0,0,0,1,1,11,true
10.5285/7a4649cabd3e4afb8cd31cfd7d95ac8e,CEDA,0,0,0,0,0,0,0,1,1,2,true
10.5285/7a5cfd3e-0247-4228-873d-5be563c4ee3b,EIDC,3,3,0,3,0,0,0,6,3,7,true
10.5285/7a7d08e3-48e2-4aad-855b-9d6767b9ae9b,EIDC,0,0,0,0,0,0,0,1,1,2,true
10.5285/7a8d0936ba1e4e1a8689c9e9010b43b2,CEDA,1,1,0,1,0,0,0,2,1,3,true
10.5285/7aa17e66aaab4ece87064272b9f94e3a,CEDA,1,1,0,1,0,0,0,1,0,5,true
10.5285/7ad889f2cc1647efba7e6a356098e4f3,CEDA,1,1,0,1,0,0,0,1,0,2,true
10.5285/7adc7b14-abae-4ab9-b60b-b9b6e0e9f320,PDC,1,1,0,1,0,0,0,1,0,1,true
10.5285/7aefe6aa-0760-4b6d-9473-fad8b960abd4,EIDC,1,1,0,1,0,0,0,3,2,4,true
10.5285/7b6dd454-d248-4264-b8a0-2de07a8dc882,PDC,0,0,0,0,0,0,0,1,1,1,true
10.5285/7b86ed5f-0520-4dec-9d1e-f76be05b98c9,PDC,1,1,0,0,1,0,0,0,0,2,true
10.5285/7bc176d9-88bc-4a46-93ff-5f283227bc23,NGDC,0,0,0,0,0,0,0,1,1,1,true
10.5285/7bdc5bfc06264802be34f918597150e8,CEDA,1,1,0,1,0,0,0,2,1,3,true
10.5285/7beefde9-c520-4ddf-897a-0167e8918595,EIDC,1,1,0,1,0,0,0,3,2,4,true
10.5285/7bef89a9dc404683a46642625a024a4b,CEDA,1,1,0,1,0,0,0,2,1,3,true
10.5285/7beff952-3d2f-4875-a272-d8632ddfcc19,NGDC,0,0,0,0,0,0,0,1,1,1,true
10.5285/7c12898d-7e55-458c-ba7d-ecec8252f3b5,PDC,3,3,0,0,3,0,0,1,1,9,true
10.5285/7c1dd26a-5df5-4b90-854b-70d0d97eb78a,EIDC,1,1,0,1,0,0,0,2,1,3,true
10.5285/7c2778bf-b498-4ba2-b8cb-60a2081e5ba7,EIDC,1,1,0,1,0,0,0,1,0,2,true
10.5285/7c84e06d-bb1a-4aac-b1d7-33c11310d8a0,EIDC,1,1,0,1,0,0,0,1,0,2,true
10.5285/7c8ce1c47da548a08146fa62158303c5,CEDA,1,1,0,1,0,0,0,1,0,4,true
10.5285/7cbed206-c122-2777-e053-6c86abc041f9,BODC,0,0,0,0,0,0,0,1,1,1,true
10.5285/7ce1286c-59a0-458b-8fd9-d743480a543a,NGDC,0,0,0,0,0,0,0,1,1,1,true
10.5285/7cfa48ba-5d5f-4d22-8d14-1a6fa37b5346,PDC,0,0,0,0,0,0,0,2,2,7,true
10.5285/7d3aa79b-43bb-493f-a14a-0d4c07f9a0d9,EIDC,1,1,0,1,0,0,0,1,0,2,true
10.5285/7d6793c2-2513-4752-8f37-11db5b791fb5,PDC,8,8,0,0,8,0,0,2,2,13,true
10.5285/7d8e401b-2c75-4ee4-a753-c24b7e91e6e9,PDC,1,1,0,1,0,0,0,4,3,7,true
10.5285/7d907fd0-8f08-45a6-ab91-89f6f0221b10,PDC,1,1,0,1,0,0,0,1,0,2,true
10.5285/7db4459605da4665b6ab9a7102fb4875,CEDA,0,0,0,0,0,0,0,1,1,8,true
10.5285/7dbb2d72-7032-4cfa-bc9b-aa02bebe8df5,EIDC,0,0,0,0,0,0,0,1,1,5,true
10.5285/7dc6e19d-79fa-41f1-99a7-da408592382f,PDC,0,0,0,0,0,0,0,1,1,4,true
10.5285/7dca47c4-1542-4b14-9505-72666b78938b,NGDC,1,1,0,1,0,0,0,1,0,1,true
10.5285/7ded510f-3955-4b92-851d-29c0f79a0b99,EIDC,1,1,0,1,0,0,0,1,0,2,true
10.5285/7e046092-8405-41b8-9e38-67a844bb9e7d,EIDC,3,3,0,3,0,0,0,5,2,6,true
10.5285/7e0b2d81-ee71-48d6-a901-3b417d482072,PDC,2,2,0,2,0,0,0,3,1,3,true
10.5285/7e2981e7-bd4c-4992-b7b0-1b1253bfd20d,EIDC,0,0,0,0,0,0,0,1,1,2,true
10.5285/7e35e760-0ca2-4290-8970-464ead03055d,EIDC,2,2,0,2,0,0,0,2,0,4,true
10.5285/7e6e6955-a9d7-4f8a-961e-3fa3d56d0ead,EIDC,2,2,0,2,0,0,0,3,1,4,true
10.5285/7e7783fcd44e4a3890f3bd67e89e585e,CEDA,1,1,0,1,0,0,0,2,1,10,true
10.5285/7e77d6b9-83fb-41e0-e053-6c86abc069d0,BODC,1,1,0,1,0,0,0,4,3,4,true
10.5285/7e7ce7c1-aa16-484f-86b1-90c5b088a64c,EIDC,1,1,0,1,0,0,0,1,0,2,true
10.5285/7e80c81b-acc2-4a9b-9b5e-d37d49705524,PDC,1,1,0,1,0,0,0,1,0,2,true
10.5285/7ea7540135f441369716ef867d217519,CEDA,2,2,0,2,0,0,0,3,1,3,true
10.5285/7ecc607cb09747a59da6f46a0635f469,CEDA,1,1,0,1,0,0,0,1,0,2,true
10.5285/7edd216fcf794b1f9a5889d496d50e54,CEDA,0,0,0,0,0,0,0,1,1,9,true
10.5285/7ee55609-d6b1-4693-8b36-2bf84fef76c2,EIDC,1,1,0,1,0,0,0,1,0,2,true
10.5285/7f11ef69-36e6-4e42-b826-f11c158a0845,EIDC,1,1,0,1,0,0,0,1,0,2,true
10.5285/7f5b221e-d251-4bac-9252-16b4553dc345,EIDC,1,1,0,1,0,0,0,1,0,2,true
10.5285/7f7c99c7-5457-444d-978a-fe7b01a85fd0,EIDC,0,0,0,0,0,0,0,1,1,2,true
10.5285/7f9c951b59ae44aeb6d745ed702c56dd,CEDA,1,1,0,1,0,0,0,1,0,2,true
10.5285/7fb2f0c1-413c-4cd6-84ab-a504bf431290,PDC,1,1,0,0,1,0,0,0,0,1,true
10.5285/7fc9df8070d34cacab8092e45ef276f1,CEDA,3,3,0,3,0,0,0,6,3,6,true
10.5285/806eea81-1071-45af-a51e-d78f2a5fcd09,EIDC,0,0,0,0,0,0,0,1,1,2,true
10.5285/80710d5e-06cf-4757-93c5-87fcbe421352,EIDC,0,0,0,0,0,0,0,3,3,4,true
10.5285/80856b3b-24df-4e53-e053-6c86abc0ed2b,BODC,0,0,0,0,0,0,0,1,1,1,true
10.5285/80887755-1426-4dab-a4a6-250919d5020c,EIDC,7,7,0,7,0,0,0,12,5,22,true
10.5285/80abddf7-3feb-43f8-9244-c5fdb6980075,EIDC,2,2,0,2,0,0,0,2,0,3,true
10.5285/80de87f3-9497-4606-8c7d-3293ab05651f,PDC,1,1,0,1,0,0,0,1,0,1,true
10.5285/80ee4e00-7301-4c40-9dba-12dd0d21b7c7,EIDC,1,1,0,1,0,0,0,1,0,2,true
10.5285/813e07dd-2135-49bc-93c6-83999e442b36,EIDC,3,3,0,3,0,0,0,4,1,5,true
10.5285/813f99c4-d07a-42dc-993a-1c35df9f028e,EIDC,1,1,0,1,0,0,0,1,0,3,true
10.5285/814be4cf-0ff2-46dd-b296-c4d9b913b6e4,EIDC,0,0,0,0,0,0,0,1,1,23,true
10.5285/815525ca-cefe-4fbf-9224-3ee784e7de4e,PDC,8,8,0,0,8,0,0,1,1,10,true
10.5285/81567bfb789e4ec4ae30cdd3772f8242,CEDA,2,2,0,2,0,0,0,2,0,2,true
10.5285/81841d93-41e2-47a7-b15a-92d1e1cf07f7,EIDC,2,2,0,2,0,0,0,2,0,3,true
10.5285/8189ed89-f36d-43c5-ae33-7e1c9ba0564d,PDC,1,1,0,1,0,0,0,1,0,2,true
10.5285/8194b416cbee482b89e0dfbe17c5786c,CEDA,9,9,0,9,0,0,0,17,8,18,true
10.5285/81cad1ef-b5cc-4592-a71f-204a5d04b700,EIDC,0,0,0,0,0,0,0,1,1,2,true
10.5285/821325f3-b353-4a51-8db2-6b2200d82aca,EIDC,0,0,0,0,0,0,0,2,2,5,true
10.5285/824b5350-763e-4933-bb76-09f5d24cb033,PDC,0,0,0,0,0,0,0,8,8,13,true
10.5285/824f9ba8-7d1c-4a82-b5ec-a4f850f1d370,EIDC,0,0,0,0,0,0,0,1,1,2,true
10.5285/827b5179-90a1-69d8-e053-6c86abc06f55,BODC,0,0,0,0,0,0,0,1,1,1,true
10.5285/8295498a-0a14-4c62-aaff-9d7c8648f9a5,PDC,0,0,0,0,0,0,0,2,2,3,true
10.5285/82a0f4a1-01ff-4ed1-853e-224d8404b3fd,EIDC,0,0,0,0,0,0,0,3,3,25,true
10.5285/8351ed155b134155848d03a7cdce9f02,CEDA,0,0,0,0,0,0,0,1,1,1,true
10.5285/83a10b11-23ef-4378-a56d-c63cce365275,EIDC,1,1,0,1,0,0,0,1,0,2,true
10.5285/83e51cf29821434ea14db56c564946d5,CEDA,0,0,0,0,0,0,0,1,1,2,true
10.5285/840228a7-40a1-4db4-aef0-a9fea2079987,EIDC,2,2,0,2,0,0,0,2,0,3,true
10.5285/842390af-21ec-433e-b514-e0f00f3f6670,PDC,1,1,0,1,0,0,0,1,0,2,true
10.5285/84242834-dc78-49a6-83cb-951edac65d18,EIDC,0,0,0,0,0,0,0,1,1,16,true
10.5285/84403d09cef3485883158f4df2989b0c,CEDA,13,13,0,13,0,0,0,26,13,26,true
10.5285/84725134-262f-4c5c-a72e-0c7601c2f0da,PDC,1,1,0,0,1,0,0,0,0,1,true
10.5285/847a2898-51d1-4b74-a7b5-c73f179c8943,PDC,2,2,0,0,2,0,0,2,2,4,true
10.5285/84988765-5fc2-5bba-e053-6c86abc05d53,BODC,2,2,0,2,0,0,0,3,1,3,true
10.5285/849d72e0-a940-48e3-913c-8e7f781131d3,EIDC,0,0,0,0,0,0,0,1,1,2,true
10.5285/849e2215-95b0-4275-88b8-50e18e3f8d56,PDC,1,3,0,0,3,0,0,2,2,6,true
10.5285/84a273d9-8191-4316-b8f6-dc907eb0947a,PDC,3,5,0,0,5,0,0,0,0,7,true
10.5285/84b3b580-acbf-487d-bf44-c21bc2cf12ee,EIDC,1,1,0,1,0,0,0,2,1,3,true
10.5285/84bab093-750e-48f5-ae41-1e5824abdecf,PDC,3,3,0,1,2,0,0,1,0,6,true
10.5285/85356871-55ee-4b92-a9e8-9b370c843936,PDC,4,4,0,1,3,0,0,1,0,4,true
10.5285/853dd176-bc7a-48d4-a6be-33bcc0f17eeb,PDC,2,2,0,2,0,0,0,3,1,5,true
10.5285/85657c4c-54c9-4d02-a262-455ea1c38d95,EIDC,1,1,0,1,0,0,0,1,0,2,true
10.5285/856fc9f4-bea8-490f-b709-92549d692da4,NGDC,0,0,0,0,0,0,0,1,1,3,true
10.5285/8582a02c-b28c-45d2-afa1-c1e85fba023d,EIDC,1,1,0,1,0,0,0,1,0,2,true
10.5285/858a4b439d7d4466b82ea5215614f135,CEDA,0,0,0,0,0,0,0,1,1,1,true
10.5285/85c30cc3-6ce6-4a3d-be60-0bddbe69e5bb,PDC,5,5,0,1,4,0,0,1,0,6,true
10.5285/85c71959-0f7c-4f04-b3a7-152673107a85,EIDC,1,1,0,1,0,0,0,2,1,3,true
10.5285/85dc93d2-8c29-4660-b725-793e43703e46,EIDC,1,1,0,1,0,0,0,1,0,2,true
10.5285/85de16ff-a3b2-42b4-a898-aea94ee47b83,PDC,20,20,0,1,19,0,0,1,0,21,true
10.5285/85e7beb6-e031-4397-a090-841b8c907d1b,EIDC,0,0,0,0,0,0,0,1,1,2,true
10.5285/8606115371e44b079e25d479cfec465c,CEDA,1,1,0,1,0,0,0,1,0,2,true
10.5285/8616c1a0-6c6d-441c-9b10-8464dc4ee346,EIDC,1,1,0,1,0,0,0,1,0,2,true
10.5285/86429662-97b8-74fa-e053-6c86abc0a97c,BODC,1,1,0,1,0,0,0,1,0,1,true
10.5285/864a46cc65054008857ee5bb772a2a2b,CEDA,9,9,0,9,0,0,0,13,4,14,true
10.5285/8651771d-aa6d-4d0f-8bcd-b3be1f733852,EIDC,1,1,0,1,0,0,0,4,3,6,true
10.5285/865373e6-0b33-418e-9b80-9442dccbcd3e,PDC,20,20,0,0,20,0,0,0,0,21,true
10.5285/86a42d77-e190-4762-e053-6c86abc0deae,BODC,0,0,0,0,0,0,0,1,1,7,true
10.5285/86c017ba-dc62-46f0-ad13-c862bf31740e,EIDC,2,2,0,2,0,0,0,3,1,4,true
10.5285/86cd1a60-64f1-4087-a9f1-a3d8a9f8f535,EIDC,3,3,0,2,0,1,0,2,0,4,true
10.5285/86d07d98-2956-4395-8b02-29dd5d98e6be,EIDC,1,1,0,1,0,0,0,1,0,2,true
10.5285/86f17d61-141f-4500-9aa5-26a82aef0b33,EIDC,3,3,0,3,0,0,0,3,0,4,true
10.5285/87114da4-3189-471f-9832-00b3e759232f,EIDC,0,0,0,0,0,0,0,2,2,23,true
10.5285/871443a9-6634-4eba-abb5-286a1ab58e9b,EIDC,1,1,0,1,0,0,0,1,0,2,true
10.5285/87360d1a-85d9-4a4e-b9ac-e315977a52d3,EIDC,2,2,0,2,0,0,0,4,2,17,true
10.5285/873edd47-f5c2-47cb-bf0c-3f45232536ca,PDC,2,2,0,0,2,0,0,2,2,4,true
10.5285/87afd9f974c6424290435bd9a418f71a,CEDA,1,1,0,1,0,0,0,1,0,2,true
10.5285/87cdc267-a8c7-4f59-83b4-1bceaae837ad,EIDC,0,0,0,0,0,0,0,2,2,3,true
10.5285/87dec506-ca7f-4b57-a605-486ec9d8cca2,EIDC,1,1,0,1,0,0,0,1,0,2,true
10.5285/87f36a61-ca79-40c6-b781-8936ead162cc,EIDC,0,0,0,0,0,0,0,1,1,2,true
10.5285/87fd0d61-7405-4a66-9620-2be10c25d452,PDC,1,1,0,1,0,0,0,1,0,1,true
10.5285/880e8ca1-874b-42be-8768-af128627d789,PDC,0,0,0,0,0,0,0,1,1,2,true
10.5285/88224a922439441fa6644b4564dcd90c,CEDA,0,0,0,0,0,0,0,1,1,1,true
10.5285/8838b0b7-20b7-46bb-8cf1-b853290b2035,PDC,1,1,0,1,0,0,0,1,0,3,true
10.5285/8847a05eeda646a29da58b42bdf2a87c,CEDA,2,2,0,2,0,0,0,4,2,12,true
10.5285/8855e410adf547b4afd039a5b88487f4,CEDA,1,1,0,1,0,0,0,1,0,2,true
10.5285/8899768c-cc5a-4885-a88b-c08374ee568e,EIDC,2,2,0,2,0,0,0,2,0,5,true
10.5285/88a8620229014e0ebacf0606b302112d,CEDA,1,1,0,1,0,0,0,2,1,2,true
10.5285/88ffbf44-0ec0-41d6-9814-04bc3535cd84,EIDC,0,0,0,0,0,0,0,1,1,2,true
10.5285/8902f094-1d1f-4092-9aa5-180a2a8e57ec,PDC,3,3,0,0,3,0,0,0,0,3,true
10.5285/890e4d3d-ae93-4528-8e88-bc01bae3907b,EIDC,1,1,0,1,0,0,0,1,0,2,true
10.5285/8933af23-e051-4166-b63e-2155330a21d8,PDC,1,1,0,1,0,0,0,2,1,6,true
10.5285/8956cf9e31334914ab4991796f0f645a,CEDA,3,3,0,3,0,0,0,4,1,5,true
10.5285/8978580336864f6d8282656d58771b32,CEDA,1,1,0,1,0,0,0,3,2,5,true
10.5285/897a3958-5bfc-4311-9bb0-01134bf6aefa,CEDA,1,1,0,1,0,0,0,2,1,4,true
10.5285/89908dfcb97b4a28976df806b4818639,CEDA,1,1,0,1,0,0,0,3,2,11,true
10.5285/89a3a6b8-7223-0b9c-e053-6c86abc0f15d,BODC,0,0,0,0,0,0,0,1,1,3,true
10.5285/89b12c53-1244-4fbf-8699-262fa4c97b27,PDC,1,1,0,1,0,0,0,1,0,1,true
10.5285/89ff964d-4aed-4b66-8669-71d42c5add52,EIDC,1,1,0,1,0,0,0,1,0,14,true
10.5285/8a1800cc-b6a6-30ea-e053-6c86abc0c934,BODC,1,1,0,1,0,0,0,1,0,4,true
10.5285/8a2451f8-7999-47c4-9e2a-8e9567377ffb,EIDC,1,1,0,1,0,0,0,1,0,4,true
10.5285/8a2b18eb-4720-4a40-a52a-b8f571b26b28,PDC,1,1,0,1,0,0,0,1,0,2,true
10.5285/8a41b2a2-01d7-409e-adf5-fba3f3770f29,EIDC,1,1,0,1,0,0,0,1,0,2,true
10.5285/8a41e1c8-3018-44f1-8d0a-c1b1ad957fc9,EIDC,1,1,0,1,0,0,0,4,3,5,true
10.5285/8a668a4f-3526-4443-9e77-cea67f04ca19,EIDC,1,1,0,1,0,0,0,1,0,4,true
10.5285/8a8240a2-e8ed-495d-ae93-c35200956764,EIDC,1,1,0,1,0,0,0,1,0,2,true
10.5285/8a86cb01-46d5-4620-a2be-c15c7616fbe8,EIDC,0,0,0,0,0,0,0,1,1,3,true
10.5285/8a885e6c-3a27-4cd7-850a-1ac1b9f89576,PDC,0,0,0,0,0,0,0,1,1,1,true
10.5285/8a975b9e-f18c-4c51-9bdb-b00b82da52b8,PDC,2,2,0,1,1,0,0,4,3,5,true
10.5285/8aaf6f8c-c245-46bb-8a2a-f0db012b2643,EIDC,1,1,0,1,0,0,0,3,2,4,true
10.5285/8ae3f9ef-9a75-4237-afbd-e01abe02e75b,EIDC,0,0,0,0,0,0,0,1,1,2,true
10.5285/8af983e4-e97d-4c07-a34d-753243fa283b,EIDC,1,1,0,1,0,0,0,1,0,2,true
10.5285/8b00a915-94e3-4a04-a903-dd4956346439,PDC,2,2,0,1,1,0,0,3,2,4,true
10.5285/8b3f4857-9809-43cb-b2aa-a988e64a5449,EIDC,1,1,0,1,0,0,0,1,0,2,true
10.5285/8b58c86b-0c2a-4d48-b25a-7a0141859004,EIDC,1,1,0,1,0,0,0,1,0,17,true
10.5285/8baf805d-39ce-4dac-b224-c926ada353b7,EIDC,37,37,0,37,0,0,0,58,21,66,true
10.5285/8bcf6925cddc4681b96f94d424537b9e,CEDA,0,0,0,0,0,0,0,1,1,25,true
10.5285/8c03f651457f458eaf7b16f68670a0b8,CEDA,0,0,0,0,0,0,0,1,1,1,true
10.5285/8c1568f8-941e-512a-e053-6c86abc0d1e5,BODC,0,0,0,0,0,0,0,1,1,1,true
10.5285/8c247640-0e84-4466-851e-20df216d6a0e,NGDC,0,0,0,0,0,0,0,2,2,3,true
10.5285/8c5d9e38-0244-4a39-8600-a85513a6fecf,EIDC,1,1,0,0,0,1,0,2,2,4,true
10.5285/8cb46a5efaa74032bf1833438f499cc3,CEDA,1,1,0,1,0,0,0,2,1,2,true
10.5285/8cd7e7bb-9a20-05d8-e053-6c86abc012c2,BODC,8,8,0,8,0,0,0,29,21,43,true
10.5285/8cecde06-8474-4b58-a9cb-b820fa4c9429,PDC,3,3,0,3,0,0,0,8,5,18,true
10.5285/8cfd9a2a-8b68-40c6-94a1-be8e02e869c1,EIDC,1,1,0,1,0,0,0,3,2,29,true
10.5285/8d3d252c-8fa2-493e-ba8e-ebae9fee4f99,EIDC,1,1,0,0,0,1,0,0,0,3,true
10.5285/8d60d83b-d880-4042-b344-42d0551e65be,PDC,4,4,0,1,3,0,0,1,0,4,true
10.5285/8d85f664fc614ba0a28af3a2d7ef4533,CEDA,0,0,0,0,0,0,0,1,1,4,true
10.5285/8d8fdddf-1aa6-47be-a30e-bf66710bc1c4,PDC,2,2,0,0,2,0,0,0,0,4,true
10.5285/8d9ffd4a-16c0-4d48-9fc9-02988676ef78,PDC,1,1,0,1,0,0,0,1,0,1,true
10.5285/8db84900-5fdb-43be-a607-e56c843d9b87,EIDC,3,3,0,3,0,0,0,4,1,5,true
10.5285/8dd122d3-f47f-4518-ba25-3114023213b9,PDC,3,3,0,0,3,0,0,0,0,6,true
10.5285/8dde3529-1cf7-4b0f-907d-a1631f38afd7,EIDC,1,1,0,1,0,0,0,2,1,3,true
10.5285/8df65124-68e9-4c68-8659-1c6b82c735e9,EIDC,0,0,0,0,0,0,0,3,3,5,true
10.5285/8e0a573d-61a4-4a6f-9fca-fc34cbd5fb45,PDC,2,2,0,2,0,0,0,2,0,8,true
10.5285/8e303c28-c96a-49e7-951d-2d69c0b6f032,PDC,5,5,0,0,5,0,0,0,0,5,true
10.5285/8e483692-3b65-41d2-a7fd-5a3cd589a71c,EIDC,2,2,0,2,0,0,0,2,0,4,true
10.5285/8e7644fe-9f17-4fc3-8e4e-8b10a42d5d50,EIDC,1,1,0,1,0,0,0,3,2,4,true
10.5285/8e910ac8-6f52-4548-bbcb-78474b559294,PDC,0,0,0,0,0,0,0,1,1,1,true
10.5285/8ea2c697ee53430a84825384bfdcf06a,CEDA,1,1,0,1,0,0,0,2,1,3,true
10.5285/8eb1b693-8f56-4d97-b42d-f2c206dd33c0,EIDC,0,0,0,0,0,0,0,1,1,2,true
10.5285/8ed3ddec76b8470285bdb2ea643f54bc,CEDA,1,1,0,1,0,0,0,2,1,3,true
10.5285/8edd26f597de4f168c6d92b95e19aecb,CEDA,1,1,0,1,0,0,0,1,0,8,true
10.5285/8eedc594-730b-4aad-b9ce-827912320c3a,PDC,1,1,0,1,0,0,0,2,1,5,true
10.5285/8efcd65a-afd7-4857-a107-9820c732b62a,EIDC,11,11,0,11,0,0,0,12,1,13,true
10.5285/8f09b7e6-6daa-4823-b338-4edad8de1461,EIDC,0,0,0,0,0,0,0,2,2,3,true
10.5285/8f275626-5f22-48df-95e5-cdc8f204a897,PDC,1,1,0,1,0,0,0,1,0,3,true
10.5285/8f85c188-a915-46ac-966a-95fcb1491be6,EIDC,1,1,0,1,0,0,0,1,0,2,true
10.5285/8f8ccba5-01af-4b00-8a3b-c3c85b24bf92,PDC,14,14,0,0,7,7,0,1,1,16,true
10.5285/8f999423-ff40-4181-bdf3-964a7e145772,PDC,2,2,0,2,0,0,0,2,0,2,true
10.5285/8fedb5a0-b98c-4457-9d86-aae9c6d3ed8e,PDC,4,4,0,0,4,0,0,0,0,4,true
10.5285/90148d9b1f1c40f1ac40152957e25467,CEDA,1,1,0,1,0,0,0,2,1,2,true
10.5285/902fc4d8-db74-46c9-b7eb-c988f5325903,PDC,2,2,0,1,1,0,0,1,0,3,true
10.5285/903023c7-a58e-48d6-b2b7-5de4b096a4fe,NGDC,1,1,0,1,0,0,0,1,0,1,true
10.5285/90457ba1-f291-4158-82dc-425d7cbb1ac5,EIDC,2,2,0,2,0,0,0,4,2,12,true
10.5285/908f84ec-d20c-7c88-e053-6c86abc08fda,BODC,1,1,0,1,0,0,0,2,1,6,true
10.5285/90aed6b4-4932-4a26-a07a-d78929dee65a,NGDC,1,1,0,1,0,0,0,1,0,1,true
10.5285/90dee4ce-187c-4094-8895-b079d29922f5,EIDC,1,1,0,1,0,0,0,1,0,2,true
10.5285/90fab89e-5d07-4d5c-b619-60799a4d09f8,PDC,4,4,0,1,3,0,0,1,0,5,true
10.5285/9116e565-2c0a-455b-9c68-558fdd9179ad,EIDC,11,11,0,11,0,0,0,27,16,33,true
10.5285/912ea336-ac90-418f-be6a-7ae226e167e9,EIDC,0,0,0,0,0,0,0,1,1,3,true
10.5285/91392f09-25d4-454c-aece-56bde0dbf3ba,NGDC,1,1,0,1,0,0,0,1,0,1,true
10.5285/915141ee-46c9-4da1-e053-6c86abc09800,BODC,0,0,0,0,0,0,0,1,1,1,true
10.5285/91523ff9-d621-46b3-87f7-ffb6efcd1847,PDC,4,4,0,0,4,0,0,2,2,9,true
10.5285/9156d263-4def-406d-bdc9-22a6821fe755,EIDC,1,1,0,1,0,0,0,1,0,3,true
10.5285/916b93aaf1474ce793171a33ca4c5026,CEDA,1,1,0,1,0,0,0,4,3,11,true
10.5285/9244f715ecfd4e74b0b6200de55e1b1a,CEDA,1,1,0,1,0,0,0,1,0,2,true
10.5285/925816bd869644ad9fe9b877d8f42d30,CEDA,1,1,0,1,0,0,0,1,0,2,true
10.5285/925ac4ec-2a9d-461a-bfaa-6314eb0888c8,PDC,4,4,0,0,4,0,0,2,2,12,true
10.5285/926b5321-408f-4560-b72d-f38bbe97ac21,PDC,6,6,0,3,0,3,0,3,0,12,true
10.5285/9275ab7e-6e93-42bc-8e72-59c98d409deb,EIDC,4,4,0,4,0,0,0,10,6,13,true
10.5285/9275ade8-8425-4344-8b56-cbf73c6bdbc9,PDC,8,8,0,0,8,0,0,1,1,10,true
10.5285/9288fd09-681b-4377-84b2-6ab9b9c6c05d,PDC,12,12,0,0,12,0,0,0,0,14,true
10.5285/92a4c2cd-fc16-414a-95c8-45b83769b503,EIDC,0,0,0,0,0,0,0,1,1,2,true
10.5285/92e823b277cc4f439803a87f5246db5f,CEDA,3,3,0,3,0,0,0,4,1,6,true
10.5285/92e92c14-0ff2-4ce2-8305-83d5b3a4071d,PDC,1,1,0,1,0,0,0,2,1,5,true
10.5285/9305b068-f417-4659-9966-d9456f22c331,EIDC,1,1,0,1,0,0,0,5,4,7,true
10.5285/931973db09af41568853702efe135f29,CEDA,1,1,0,1,0,0,0,2,1,3,true
10.5285/9337f8f4-1a8f-4156-8f79-7a249f733117,PDC,4,4,0,1,3,0,0,1,0,7,true
10.5285/93444bc1c4364a59869e004bf9bfd94a,CEDA,2,2,0,2,0,0,0,3,1,3,true
10.5285/9371ce24-7a5a-4964-93bf-884b42fd5fc3,EIDC,0,0,0,0,0,0,0,2,2,3,true
10.5285/9373933d-48c1-5a37-e053-6c86abc0e213,BODC,0,0,0,0,0,0,0,2,2,2,true
10.5285/93ac35af-9ec7-4594-9aaa-0760a2b289d5,PDC,12,12,0,0,12,0,0,1,1,15,true
10.5285/93f8a6f4-4f99-41b5-a1bd-107a438b2cd7,NGDC,0,0,0,0,0,0,0,1,1,1,true
10.5285/940c1b90-fef3-49c3-8be9-39b4b0078660,NGDC,1,1,0,1,0,0,0,1,0,1,true
10.5285/9460bb2e-4f1e-4b77-9b6a-d0da4c991aae,PDC,6,6,0,0,6,0,0,1,1,7,true
10.5285/94ae1a5a-2a28-4315-8d4b-35ae964fc3b9,EIDC,2,2,0,2,0,0,0,7,5,9,true
10.5285/94aef007-634e-42db-bc52-9aae86adbd33,EIDC,1,1,0,1,0,0,0,1,0,18,true
10.5285/94b2f348-d6cc-4bcd-b921-5c0928ab3c2d,PDC,0,0,0,0,0,0,0,1,1,1,true
10.5285/94c9eaa3-a178-4de4-8905-dbfab03b69a0,EIDC,75,75,0,75,0,0,0,78,3,79,true
10.5285/94f664e5-10f2-4655-bfe6-44d745f5dca7,EIDC,1,1,0,1,0,0,0,2,1,3,true
10.5285/9520664c-eb4d-4700-b064-5d215d23e595,EIDC,2,2,0,2,0,0,0,2,0,3,true
10.5285/952e8ddb-b573-44ad-a930-2c8c5164a381,EIDC,1,1,0,1,0,0,0,3,2,4,true
10.5285/9536f22e-37dd-4f37-948b-e19c70e15292,PDC,1,1,0,0,1,0,0,0,0,3,true
10.5285/9555694e-c9f5-4bf8-a556-2ad9d29e55c6,PDC,1,1,0,1,0,0,0,1,0,4,true
10.5285/957fb0bd-6d51-46fc-b4fa-731d21731eda,PDC,1,1,0,1,0,0,0,1,0,2,true
10.5285/95913ffb6467447ca72c4e9d8cf30501,CEDA,13,13,0,13,0,0,0,19,6,19,true
10.5285/95aa41439d564756950f89921b6ef215,CEDA,2,3,0,3,0,0,0,4,1,4,true
10.5285/95fb2393-954a-4217-86aa-cb10fb3996c5,NGDC,0,0,0,0,0,0,0,1,1,1,true
10.5285/961f3c2d-04ca-1911-e053-6c86abc0150b,BODC,0,0,0,0,0,0,0,2,2,2,true
10.5285/96bc980a-31b4-4d1b-87e9-007d4932a56b,EIDC,0,0,0,0,0,0,0,1,1,2,true
10.5285/96cf916d-7aa7-464c-985e-a39692d5be83,PDC,1,1,0,1,0,0,0,1,0,7,true
10.5285/96dc0dd7-b5db-4444-97af-8ddfab1e7f78,PDC,1,1,0,0,1,0,0,0,0,3,true
10.5285/96febb5d-1821-4f49-9b5f-32e489ae3839,PDC,5,5,0,0,4,1,0,0,0,6,true
10.5285/971671a6-98b4-4d80-b165-21dace7373b9,EIDC,3,3,0,3,0,0,0,3,0,4,true
10.5285/97204415-683f-4d55-8b38-a2700fa94efe,PDC,2,2,0,0,2,0,0,0,0,4,true
10.5285/972599af-0cc3-4e0e-a4dc-2fab7a6dfc85,EIDC,0,0,0,0,0,0,0,1,1,2,true
10.5285/97483c32-940a-42da-9e21-2e88bd8ff333,NGDC,0,0,0,0,0,0,0,1,1,1,true
10.5285/97802989-3f33-472f-9c59-87bb384ebdbe,PDC,1,1,0,0,1,0,0,0,0,1,true
10.5285/97acea13-b93d-4f3a-9cc7-f32e8df86cc0,PDC,1,1,0,0,1,0,0,1,1,3,true
10.5285/97c65c35-1db5-49d5-8ee0-ae5c7b699634,EIDC,1,1,0,1,0,0,0,1,0,2,true
10.5285/97daa7ea-8793-6cff-e053-6c86abc0dd46,BODC,3,3,0,0,3,0,0,0,0,3,true
10.5285/97f8c19b-7451-4809-b011-0f9cf3eb8430,EIDC,1,1,0,1,0,0,0,1,0,2,true
10.5285/981b1444-c57e-40f1-b6e9-884b44cad00e,PDC,8,8,0,0,8,0,0,1,1,11,true
10.5285/982bd657-9f82-410a-e053-6c86abc02069,BODC,3,3,0,0,3,0,0,0,0,3,true
10.5285/983f47fe-1622-487c-e053-6c86abc02834,BODC,3,3,0,0,3,0,0,0,0,3,true
10.5285/984b1001-82f1-4ba0-aa1e-412f85d9d24f,EIDC,0,0,0,0,0,0,0,1,1,2,true
10.5285/98af2184e13e4b91893ab72f301790db,CEDA,7,7,0,7,0,0,0,12,5,16,true
10.5285/98b473c7-3ca9-498d-a851-31152b1f1da7,EIDC,1,1,0,1,0,0,0,2,1,5,true
10.5285/98cc0722-e337-029c-e053-6c86abc02029,BODC,0,0,0,0,0,0,0,1,1,1,true
10.5285/98ccf93a-5e01-15e1-e053-6c86abc050ce,BODC,0,0,0,0,0,0,0,2,2,2,true
10.5285/98d7c98c-b223-4774-b20e-886630632b12,PDC,2,2,0,1,1,0,0,1,0,10,true
10.5285/98ec8073-7ebd-44e5-aca4-ebcdefa9d044,EIDC,0,0,0,0,0,0,0,1,1,2,true
10.5285/9929e59b-eff5-4add-ab51-9ca6138e677d,PDC,4,4,0,0,4,0,0,0,0,5,true
10.5285/9947ccc9-7396-4821-b095-c374bd857305,EIDC,0,0,0,0,0,0,0,1,1,2,true
10.5285/9948d1b9-caa1-4894-93e6-cc0f4326fced,EIDC,1,1,0,1,0,0,0,1,0,2,true
10.5285/996bf53d-5448-297a-e053-6c86abc0b996,BODC,0,0,0,0,0,0,0,1,1,1,true
10.5285/9972bc173ef94068b2070d4b26f849a7,CEDA,1,1,0,1,0,0,0,1,0,15,true
10.5285/998c2b2b-7470-42b0-81e7-409b91752377,EIDC,1,1,0,1,0,0,0,1,0,2,true
10.5285/99a2d3a8-1c7d-421e-ac9f-87a2c37bda62,EIDC,6,6,0,6,0,0,0,12,6,15,true
10.5285/99e028cc-4c3c-490b-bade-b9ef062a16e8,EIDC,1,1,0,1,0,0,0,1,0,2,true
10.5285/99e4446f-c43a-492d-83c9-e896206649c0,NGDC,1,1,0,1,0,0,0,1,0,1,true
10.5285/99f0d269-d8fa-48e0-89e6-358486d82330,PDC,0,0,0,0,0,0,0,1,1,3,true
10.5285/9a46d428-958f-4ac1-86eb-94eee70c0955,EIDC,0,0,0,0,0,0,0,2,2,3,true
10.5285/9a558ef2-0081-4e86-917f-ae60b9df40a2,NGDC,1,1,0,1,0,0,0,1,0,1,true
10.5285/9a8a0770-d7fc-4fc4-b83f-227e1170f2eb,CEDA,1,1,0,1,0,0,0,4,3,4,true
10.5285/9a96e199-34d0-46f9-9a64-140d300a2531,EIDC,0,0,0,0,0,0,0,1,1,2,true
10.5285/9ab1541b-e71a-4d75-9907-968d47755e99,PDC,5,5,0,1,1,3,0,1,0,6,true
10.5285/9ab5285f-e9c4-4588-ba21-476e79e87668,EIDC,1,1,0,1,0,0,0,2,1,3,true
10.5285/9ab58d27-596a-472c-a13e-2dcd68612082,PDC,2,2,0,2,0,0,0,3,1,5,true
10.5285/9b14a4ee-96ad-4520-97d7-3b3b2821ab74,PDC,4,4,0,0,4,0,0,0,0,6,true
10.5285/9b203324-6b37-4e91-b028-e073b197fb9f,EIDC,2,2,0,2,0,0,0,6,4,11,true
10.5285/9b4fab56-4999-4fe1-b17f-1466e41151c4,PDC,7,7,0,1,6,0,0,1,0,10,true
10.5285/9b68ee52-8a95-41eb-8ef1-8d29e2570b00,EIDC,1,1,0,1,0,0,0,3,2,4,true
10.5285/9b6a6233-85ad-44f4-ba83-4905b8c48713,EIDC,0,0,0,0,0,0,0,1,1,2,true
10.5285/9bc3dce7-7c2b-49dd-9b76-819267d7a352,EIDC,0,0,0,0,0,0,0,1,1,2,true
10.5285/9bd7754d-ea87-4b35-bec1-f39d5cc76db6,EIDC,2,2,0,2,0,0,0,2,0,3,true
10.5285/9be652e7-d5ce-44c1-a5fc-8349f76f5f5c,EIDC,4,4,0,4,0,0,0,7,3,8,true
10.5285/9c14948d-cf58-4194-9fef-c2cb56818667,EIDC,2,2,0,2,0,0,0,2,0,3,true
10.5285/9c31bc7a-6f16-4d37-8df0-2717f26c718a,PDC,0,0,0,0,0,0,0,1,1,1,true
10.5285/9c334fbe6d424a708cf3c4cf0c6a53f5,CEDA,8,8,0,8,0,0,0,22,14,33,true
10.5285/9c350d4ff7ee438f9f1fc7252cbb2282,CEDA,1,1,0,1,0,0,0,1,0,1,true
10.5285/9c41e3aa67024bbdad796290a861e968,CEDA,1,1,0,1,0,0,0,2,1,2,true
10.5285/9c459656-5fe4-44f7-860f-da287111016c,PDC,1,1,0,1,0,0,0,1,0,2,true
10.5285/9c46ec89-e2da-4140-a8a5-443911fe34cc,PDC,3,3,0,1,2,0,0,3,2,5,true
10.5285/9c4cb255-a754-4b6b-9748-d8b355e029de,PDC,20,20,0,0,20,0,0,0,0,21,true
10.5285/9c666602b89e468493e1c907a4de62ff,CEDA,0,0,0,0,0,0,0,3,3,4,true
10.5285/9c87edc2-a9be-4d4c-ae86-827bfeecd20c,EIDC,0,0,0,0,0,0,0,1,1,2,true
10.5285/9c972cfb-0ffa-4144-a943-da6eb82431d2,PDC,2,2,0,1,1,0,0,3,2,6,true
10.5285/9cb04ca6-f88f-4368-b715-45ff73ff81eb,PDC,5,5,0,0,5,0,0,0,0,5,true
10.5285/9cd08043-4498-4688-91d8-bb8a867d9024,PDC,3,3,0,1,2,0,0,1,0,6,true
10.5285/9ce1fd9f-cfaf-44fa-aa5d-45c24c0a76cc,PDC,0,0,0,0,0,0,0,2,2,5,true
10.5285/9cf26366-6ce1-4e5e-b648-05345a43e15d,EIDC,35,35,0,35,0,0,0,35,0,39,true
10.5285/9d1eada2-3f8b-4a7b-a9b0-a7a04d05ff72,EIDC,0,0,0,0,0,0,0,2,2,3,true
10.5285/9d7810c7-92af-47b2-81ec-365aafc39691,EIDC,0,0,0,0,0,0,0,1,1,2,true
10.5285/9d9bfc488ec54b1297eca2c9662f9c81,CEDA,2,2,0,2,0,0,0,5,3,6,true
10.5285/9ddd50c8-cd08-4afe-b245-f6891f1d9a3f,PDC,1,1,0,1,0,0,0,1,0,2,true
10.5285/9df510e3-ea1c-450b-9950-d742db1efd96,PDC,0,0,0,0,0,0,0,3,3,3,true
10.5285/9e0ed16e-f2ab-4372-8df3-fde7e388c9a7,PDC,0,0,0,0,0,0,0,2,2,3,true
10.5285/9e4451f8-23d3-40dc-9302-73e30ad3dd76,EIDC,5,5,0,5,0,0,0,9,4,10,true
10.5285/9e707b31-143e-4411-88c3-7d7844a9470c,PDC,2,2,0,2,0,0,0,2,0,2,true
10.5285/9ea21839-1b4b-4dde-b170-07c87cc5d741,PDC,12,12,0,0,12,0,0,0,0,14,true
10.5285/9ef0ebf847564c2eabe62cac4899ec41,CEDA,3,3,0,3,0,0,0,6,3,11,true
10.5285/9f043047-d1c7-4852-b513-aa00204022a8,EIDC,31,31,0,31,0,0,0,32,1,44,true
10.5285/9f097d82-7560-4ed2-af13-604a9110cf6d,EIDC,1,1,0,1,0,0,0,12,11,13,true
10.5285/9f7f7f70-5137-4bfc-a6a3-f91783d5a6a6,EIDC,1,1,0,1,0,0,0,2,1,8,true
10.5285/9f80e349-0594-4ae1-bff3-b055638569f8,EIDC,0,0,0,0,0,0,0,2,2,4,true
10.5285/9f8d9cc6-b552-4c8b-af09-e92743cdd3de,EIDC,1,1,0,1,0,0,0,2,1,6,true
10.5285/9f913f10-6e3d-449e-b8af-8fa2d06d7fd3,EIDC,1,1,0,1,0,0,0,1,0,8,true
10.5285/9fc7ab01-c622-46f1-a904-0bcd54073da3,EIDC,1,1,0,1,0,0,0,2,1,7,true
10.5285/9feab716-0642-4ab9-a363-d73d135a48b9,EIDC,0,0,0,0,0,0,0,1,1,3,true
10.5285/9ff5cdca-b504-4994-8b07-5912ee6aff47,EIDC,1,1,0,1,0,0,0,1,0,2,true
10.5285/a01d292f-b4a0-1ef7-e053-6c86abc0a4b2,BODC,1,1,0,1,0,0,0,3,2,3,true
10.5285/a01e09b6-4b40-497b-a139-9369858101b3,EIDC,1,1,0,1,0,0,0,3,2,8,true
10.5285/a01f324e-12ac-416d-b0c1-7a1447956546,PDC,6,6,0,0,6,0,0,1,1,7,true
10.5285/a05b9519-f0c8-48ef-a9c6-43d0326f590f,EIDC,0,0,0,0,0,0,0,1,1,2,true
10.5285/a07deacaffb8453e93d57ee214676304,CEDA,4,4,0,4,0,0,0,9,5,16,true
10.5285/a0b6a773-1d18-4ced-a57e-06f8d67428b9,NGDC,0,0,0,0,0,0,0,1,1,1,true
10.5285/a0c38c31-694c-4f07-a178-66f219fca5d9,PDC,19,19,0,0,19,0,0,0,0,20,true
10.5285/a0eac296-ccc6-4d25-b749-a96fec66d233,PDC,20,20,0,0,20,0,0,0,0,21,true
10.5285/a104ed92bddd4c56b11127d4cc49b8d4,CEDA,0,0,0,0,0,0,0,1,1,3,true
10.5285/a1a6a674-823e-46f9-b345-6635a0e04220,PDC,1,1,0,1,0,0,0,2,1,12,true
10.5285/a1abf071-85fc-4118-ad37-7f186b72c847,PDC,1,1,0,1,0,0,0,2,1,17,true
10.5285/a1c9b0cc-5585-49c5-a38f-fe05240edccf,EIDC,0,0,0,0,0,0,0,1,1,2,true
10.5285/a1f85307-cad7-4e32-a445-84410efdfa70,EIDC,4,4,0,4,0,0,0,14,10,15,true
10.5285/a1fbdde5-688d-4b48-9293-12ecf5563704,EIDC,1,1,0,0,0,1,0,0,0,2,true
10.5285/a2104adc-e994-6789-e053-6c86abc0d557,BODC,1,1,0,1,0,0,0,2,1,3,true
10.5285/a22b495e-b2cd-43cd-95b7-8712b64dc0da,EIDC,1,1,0,1,0,0,0,1,0,2,true
10.5285/a22baa7c-5809-4a02-87e0-3cf87d4e223a,EIDC,16,16,0,16,0,0,0,32,16,33,true
10.5285/a2519624a593402a83246bd359d098be,CEDA,0,0,0,0,0,0,0,1,1,1,true
10.5285/a271c430-739f-44a2-9fb0-29404740a625,PDC,0,0,0,0,0,0,0,1,1,1,true
10.5285/a29c5465-b138-234d-e053-6c86abc040b9,BODC,125,126,0,126,0,0,0,247,121,252,true
10.5285/a2a49f47-49b3-46da-a434-bb22e524c5d2,EIDC,7,7,0,6,0,1,0,6,0,10,true
10.5285/a2a8100c46794985b410ea436f24812a,CEDA,3,3,0,3,0,0,0,4,1,4,true
10.5285/a2bcc66e-4dcc-4ed1-897d-cdf36dde246d,EIDC,1,1,0,1,0,0,0,1,0,2,true
10.5285/a2e1601a29004c13849be5e84594f37a,CEDA,2,2,0,2,0,0,0,2,0,2,true
10.5285/a32f775b-34dd-4f31-aafa-f88450eb7a90,EIDC,1,1,0,1,0,0,0,2,1,3,true
10.5285/a33a7cc2d0a84e27a78b24d70fe257e4,CEDA,1,1,0,1,0,0,0,1,0,1,true
10.5285/a382af78-129e-4326-a561-d3034b72c4a3,EIDC,1,1,0,1,0,0,0,7,6,29,true
10.5285/a3ca5dd8-9e06-06be-e053-6c86abc02d35,BODC,0,0,0,0,0,0,0,1,1,1,true
10.5285/a3f5665c-94b2-4c46-909e-a98be97857e5,EIDC,1,1,0,1,0,0,0,2,1,3,true
10.5285/a3ff9411-3a7a-47e1-9b3e-79f21648237d,EIDC,0,0,0,0,0,0,0,7,7,8,true
10.5285/a408ac9d-763e-4f4c-ba72-73bc2d1f596d,EIDC,1,1,0,1,0,0,0,2,1,5,true
10.5285/a4192575-e91a-477d-8f64-aae3b32faf7a,EIDC,0,0,0,0,0,0,0,2,2,29,true
10.5285/a41d117a-0701-4b6f-9836-4c7763cc4851,PDC,3,3,0,0,3,0,0,0,0,4,true
10.5285/a445a7a8-528d-4e0b-9094-28cbcd449367,EIDC,0,0,0,0,0,0,0,3,3,4,true
10.5285/a4ea4d64-169a-4981-a64d-c2604b52522e,PDC,1,1,0,0,1,0,0,2,2,4,true
10.5285/a5174472-204d-45d4-862c-3befc32b52ca,PDC,4,4,0,1,3,0,0,1,0,4,true
10.5285/a58b9c8a724e4ec795a40a74455462b7,CEDA,1,1,0,1,0,0,0,1,0,23,true
10.5285/a6012796-291c-4fd6-a7ef-6f6ed0a6cfa5,EIDC,1,1,0,1,0,0,0,5,4,8,true
10.5285/a60f52b8-0f9f-44f6-aca4-861cb461a0eb,EIDC,3,3,0,3,0,0,0,3,0,4,true
10.5285/a61da7da-b7ef-40b7-a324-c3711ef81207,EIDC,0,0,0,0,0,0,0,1,1,2,true
10.5285/a6446ddc-d6bf-4267-9af6-599d2fcc2efa,PDC,20,20,0,0,20,0,0,0,0,21,true
10.5285/a65f6241-bfc3-430a-ae93-ccb7c63c1a53,EIDC,0,0,0,0,0,0,0,1,1,2,true
10.5285/a697ee6a3b314d4b866ec73d613369bb,CEDA,0,0,0,0,0,0,0,1,1,1,true
10.5285/a6fbedd8ee5b472c8e84e55f746c1704,CEDA,1,1,0,1,0,0,0,1,0,2,true
10.5285/a70ebc3a-4a11-4e7d-bae0-c9808e0cb585,EIDC,1,1,0,1,0,0,0,1,0,2,true
10.5285/a715112e-08ae-4d6e-943a-77933fd5ddd1,EIDC,0,0,0,0,0,0,0,1,1,2,true
10.5285/a72a50c6-a829-4e12-9f9a-5a683a1acc4a,PDC,6,6,0,0,6,0,0,2,2,10,true
10.5285/a72f8ce8-561f-4f3a-8866-5da620c0c9fe,EIDC,2,2,0,2,0,0,0,7,5,9,true
10.5285/a754cae2-d6a4-456e-b367-e99891d7920f,EIDC,0,0,0,0,0,0,0,2,2,7,true
10.5285/a75e6371-a931-4676-9199-d1f5af565ab2,EIDC,1,1,0,1,0,0,0,1,0,2,true
10.5285/a79fb3b3-fcc4-4ce7-9213-4811c0917e6d,PDC,8,8,0,0,8,0,0,1,1,10,true
10.5285/a79fcb9ab0c443fc86d453cc064759b1,CEDA,1,1,0,1,0,0,0,1,0,2,true
10.5285/a7b49ac1-24f5-406e-ac8f-3d05fb583e3b,EIDC,1,1,0,1,0,0,0,2,1,14,true
10.5285/a7e811fe11d34df5abac6f18c920bbeb,CEDA,2,2,0,2,0,0,0,3,1,6,true
10.5285/a7f28dea-64f7-43b5-bc39-a6cfcdeefbda,PDC,7,7,0,2,5,0,0,2,0,12,true
10.5285/a80c688c-0a91-41ce-a8e9-89479a38a566,EIDC,0,0,0,0,0,0,0,1,1,2,true
10.5285/a8422dd3766c447d8b5fa80920649f31,CEDA,1,1,0,1,0,0,0,1,0,1,true
10.5285/a84622db-842d-40d2-aad8-e3f85bd306c9,EIDC,0,0,0,0,0,0,0,2,2,28,true
10.5285/a85756f9-2685-4ec4-ac44-3210425ba70e,EIDC,0,0,0,0,0,0,0,1,1,2,true
10.5285/a87b7897-354c-4435-a1bc-e6053e7569e0,PDC,2,2,0,1,1,0,0,2,1,8,true
10.5285/a89028f1-76d0-41f4-bee0-021633a8b0ed,PDC,5,5,0,1,4,0,0,2,1,12,true
10.5285/a8e86b5e-f341-419e-be98-0463efe3201f,NGDC,0,0,0,0,0,0,0,1,1,4,true
10.5285/a8e9f44965434f3b861eba77688701ef,CEDA,0,0,0,0,0,0,0,2,2,6,true
10.5285/a924f41c-ae29-427c-8113-aebe6bc2d349,EIDC,0,0,0,0,0,0,0,1,1,2,true
10.5285/a92c495827ef4c81a901f878adb6ef70,CEDA,1,1,0,1,0,0,0,1,0,1,true
10.5285/a94640dc-fe21-4c38-936b-d62dfca0c952,EIDC,0,0,0,0,0,0,0,1,1,2,true
10.5285/a963d9415bb74247830f8704f825aa90,CEDA,1,1,0,1,0,0,0,1,0,7,true
10.5285/a96db7dd-d938-46cf-bc4d-cb4a92c8f429,PDC,0,0,0,0,0,0,0,1,1,1,true
10.5285/a9ae773d-b742-4d42-ae42-2b594bae5d38,EIDC,0,0,0,0,0,0,0,1,1,3,true
10.5285/a9bc6c28-cee5-4bf9-8539-d112c0a4c3d4,EIDC,1,1,0,1,0,0,0,1,0,2,true
10.5285/a9d713e8-c8d5-4129-8db0-d771443111cf,EIDC,2,2,0,2,0,0,0,2,0,3,true
10.5285/a9f2e4b5-9c2e-4ea5-8c0c-db5f6585128a,PDC,1,1,0,1,0,0,0,1,0,6,true
10.5285/aa20f8c4-bbdb-4dfa-82b4-b9b3fd8f34eb,EIDC,1,1,0,1,0,0,0,1,0,4,true
10.5285/aa51baf6-2095-6c28-e053-6c86abc0d7f7,BODC,0,0,0,0,0,0,0,1,1,1,true
10.5285/aa57e879-4cca-28b6-e053-6c86abc02de5,BODC,4,4,0,4,0,0,0,11,7,23,true
10.5285/aa82fa99-d38c-47a7-9405-f0773edcd7a8,EIDC,0,0,0,0,0,0,0,1,1,2,true
10.5285/aaa200d9-70b7-4078-9450-3706b01f052a,PDC,1,1,0,0,1,0,0,0,0,1,true
10.5285/aaada12b-0af0-44ba-8ffc-5e07f410f435,EIDC,2,2,0,2,0,0,0,2,0,5,true
10.5285/aadd4168-0398-14f5-e053-17d1a68b059d,BODC,0,0,0,0,0,0,0,1,1,1,true
10.5285/aae6ea2f-7dab-4ab1-830f-a4c53589e340,PDC,1,1,0,1,0,0,0,1,0,1,true
10.5285/aaec1295-b0a8-4c49-a751-d964c326ce8d,PDC,6,6,0,0,6,0,0,1,1,10,true
10.5285/aaf5a71d-75ea-38d5-e053-6c86abc03e63,BODC,0,0,0,0,0,0,0,1,1,10,true
10.5285/ab10ea4a-1788-4d25-a6df-f1aff829dfff,EIDC,1,1,0,1,0,0,0,2,1,3,true
10.5285/ab13a06f-392f-4bc6-b1bf-06dd8b020307,EIDC,3,3,0,3,0,0,0,4,1,5,true
10.5285/ab19aaba-12d6-44a7-89a3-7b45af0343ed,PDC,1,1,0,1,0,0,0,1,0,1,true
10.5285/ab320e08-faf5-48e1-9ec9-77a213d2907f,EIDC,5,5,0,5,0,0,0,14,9,15,true
10.5285/ab8d21568c81491fbb9a300c36884af7,CEDA,2,2,0,2,0,0,0,2,0,9,true
10.5285/ab953cb8-8675-4a85-b561-add6ceba015f,PDC,1,1,0,1,0,0,0,2,1,8,true
10.5285/ab9f47f9-9faf-4403-a57e-25e31f581ed0,EIDC,2,2,0,2,0,0,0,3,1,5,true
10.5285/abcabfe2-612c-4cab-b626-641002fc442e,EIDC,1,1,0,0,0,1,0,1,1,3,true
10.5285/abe1f414-6168-4e04-9dc9-4a658a3136ca,EIDC,0,0,0,0,0,0,0,1,1,2,true
10.5285/abe4dd7c-a340-4595-a57f-8c1446ff7656,EIDC,2,2,0,2,0,0,0,2,0,3,true
10.5285/abff8409-0995-48d2-9303-468e1a9fe3df,EIDC,0,0,0,0,0,0,0,1,1,17,true
10.5285/ac271791-b722-489c-9b68-b37316ec826c,EIDC,0,0,0,0,0,0,0,1,1,2,true
10.5285/ac43da11867243a1bb414e1637802dec,CEDA,0,0,0,0,0,0,0,2,2,2,true
10.5285/ac687a66-135e-4c65-8bf6-c5a3be9fd9aa,EIDC,0,0,0,0,0,0,0,2,2,4,true
10.5285/ac6ade29-2815-4938-a93a-d84f0d322bd6,PDC,1,1,0,1,0,0,0,1,0,1,true
10.5285/ac7071cb-79a3-400d-9f17-13dc4a657083,EIDC,1,1,0,1,0,0,0,1,0,4,true
10.5285/ac9387b5-b043-42b1-97e1-b5c1ea29ac80,PDC,1,1,0,0,1,0,0,0,0,1,true
10.5285/acbb0f9c-f2a5-4cbd-97c3-84e786f2e479,EIDC,1,1,0,1,0,0,0,2,1,3,true
10.5285/acd939f0-38e5-57b0-e053-6c86abc0aa19,BODC,0,0,0,0,0,0,0,1,1,2,true
10.5285/ace3c3ef-df89-40b9-ba8b-106997fd6d9c,EIDC,0,0,0,0,0,0,0,4,4,5,true
10.5285/aced40d7cb964f23a0fd3e85772f2d48,CEDA,5,5,0,5,0,0,0,15,10,17,true
10.5285/ad3d4c0a-66d5-4367-a41c-5f3cdff752f7,EIDC,0,0,0,0,0,0,0,1,1,3,true
10.5285/ad7babc3-6b43-4754-8981-edcf03769f11,EIDC,2,2,0,2,0,0,0,2,0,3,true
10.5285/ad7d345a-0650-4f44-b7eb-c48e1999086b,PDC,2,2,0,1,1,0,0,7,6,8,true
10.5285/ada28810-040b-4fef-8669-b21bac64a10b,EIDC,0,0,0,0,0,0,0,1,1,2,true
10.5285/ada39609-ddec-4cbe-85c2-4fdd6bd774d7,EIDC,3,3,0,3,0,0,0,3,0,4,true
10.5285/adb5b0be-a357-4416-846f-777300d78240,NGDC,0,0,0,0,0,0,0,1,1,1,true
10.5285/adbf6d29-ee7b-4dd1-9730-11d2308d526c,EIDC,1,1,0,1,0,0,0,1,0,2,true
10.5285/adf1a6cf830b4f5385c5d73609df8423,CEDA,1,1,0,1,0,0,0,1,0,2,true
10.5285/ae02f4e8-9486-4b47-93ef-e49dd9ddecd4,EIDC,3,3,0,1,0,2,0,7,6,10,true
10.5285/ae7f3aea-b0d4-401d-96e7-103eabb9da34,PDC,0,0,0,0,0,0,0,1,1,1,true
10.5285/ae8c850d-211e-4560-8b37-437b6e0e2a16,EIDC,0,0,0,0,0,0,0,2,2,13,true
10.5285/aeb4ca481d634ec597831282c3baed32,CEDA,1,1,0,1,0,0,0,1,0,9,true
10.5285/aee6a3d7-a5f7-41d5-85d8-beb5640e5afb,CEDA,0,0,0,0,0,0,0,1,1,1,true
10.5285/af125e27-3b70-4f0a-81fb-a7eb10f64ef7,EIDC,1,1,0,1,0,0,0,1,0,2,true
10.5285/af14076f-f0c4-479f-b38f-6aa0b7c7d314,PDC,1,1,0,0,1,0,0,0,0,5,true
10.5285/af2ac4af-12c6-4152-8ed7-e886ed19622b,EIDC,1,1,0,1,0,0,0,4,3,5,true
10.5285/af60720c1e404a9e9d2c145d2b2ead4e,CEDA,28,28,0,28,0,0,0,37,9,38,true
10.5285/af6c4679-99aa-4352-9f63-af3bd7bc87a4,EIDC,0,0,0,0,0,0,0,2,2,4,true
10.5285/af6d0f87-b16f-47b0-b361-3d3954402b85,NGDC,0,0,0,0,0,0,0,1,1,1,true
10.5285/af80c82c-b6a0-4978-92e0-efe063c390af,PDC,2,2,0,0,2,0,0,0,0,3,true
10.5285/afb994e5-b33d-48b4-ad29-d374b1f9f3c8,EIDC,1,1,0,1,0,0,0,1,0,5,true
10.5285/afd8a811-6e5e-4441-a409-0e6924c36fc4,PDC,2,2,0,0,2,0,0,0,0,3,true
10.5285/aff433be-0869-4393-b765-9e6faad2a12b,EIDC,4,4,0,4,0,0,0,4,0,6,true
10.5285/aff921a9f2a34f008744342f0baaa9a5,CEDA,1,1,0,1,0,0,0,1,0,1,true
10.5285/b00474cf-1a78-4775-8ec9-343cf1e62fb4,PDC,1,1,0,1,0,0,0,1,0,1,true
10.5285/b02ed95a-1e6e-4c2e-a220-5458be5fe826,PDC,1,1,0,0,1,0,0,0,0,2,true
10.5285/b046fd0d-11ce-48a0-8e49-44694a4b889d,PDC,0,0,0,0,0,0,0,7,7,8,true
10.5285/b0634651-410d-4531-8100-e1d4e2873d9e,NGDC,1,1,0,1,0,0,0,1,0,1,true
10.5285/b06a08bc-39e5-4401-87dd-9568fd5048fd,EIDC,2,2,0,1,0,1,0,1,0,3,true
10.5285/b06d44e6-324d-4e19-bf78-a4520b9b87c8,NGDC,1,1,0,1,0,0,0,1,0,1,true
10.5285/b0afb78e-a0cb-4762-9220-659211ae3a5e,EIDC,0,0,0,0,0,0,0,1,1,2,true
10.5285/b0c6fdb0-2bb5-435c-93e2-e309481ceaf1,PDC,1,1,0,0,1,0,0,0,0,2,true
10.5285/b0d6b9c5-14ba-499f-87c9-66416cd9a1dc,CEDA,1,1,0,1,0,0,0,3,2,3,true
10.5285/b109bd69e1af425aa0f661b01c40dc51,CEDA,2,2,0,2,0,0,0,2,0,3,true
10.5285/b11c040d-c3c0-43c5-a7c0-442b067dc526,EIDC,0,0,0,0,0,0,0,1,1,2,true
10.5285/b1211ad185e24b488d41dd98f957506c,CEDA,2,2,0,2,0,0,0,5,3,5,true
10.5285/b14057b1-1951-45a0-a055-7d0d17102263,PDC,1,1,0,0,1,0,0,0,0,3,true
10.5285/b14839e5-03e0-43ff-9382-1be2daf3baba,EIDC,1,1,0,1,0,0,0,1,0,2,true
10.5285/b16c9086-34e4-41c4-901f-d9223c522929,PDC,1,1,0,0,1,0,0,0,0,2,true
10.5285/b19497aa-75a5-4f51-8089-299f9229b9ca,NGDC,1,1,0,1,0,0,0,1,0,1,true
10.5285/b1bd715112ca43ab948226d11d72b85e,CEDA,2,2,0,2,0,0,0,2,0,3,true
10.5285/b1cd34f6af7941a3b1429ac52a3f6b28,CEDA,1,1,0,1,0,0,0,2,1,3,true
10.5285/b1f1ac03077b4aa784c5a413a2210bf5,CEDA,6,6,0,6,0,0,0,14,8,15,true
10.5285/b2099787-b57c-44ae-bf42-0d46d9ec87cc,PDC,0,0,0,0,0,0,0,1,1,2,true
10.5285/b21e5542-95d3-454e-a2dd-9e6c1966f982,EIDC,0,0,0,0,0,0,0,1,1,2,true
10.5285/b241a7f536a244749662360bd7839312,CEDA,2,2,0,2,0,0,0,12,10,13,true
10.5285/b25d4a6174de4ac78000d034f500a268,CEDA,6,6,0,6,0,0,0,11,5,17,true
10.5285/b26c3a3d-73c8-4500-9a23-696011c20a45,PDC,2,2,0,2,0,0,0,2,0,2,true
10.5285/b2874f3f-285d-4ae6-9bb4-6bfe3eacbfff,PDC,1,1,0,0,1,0,0,0,0,2,true
10.5285/b28c13f2-7355-4c4b-8c34-10470e1772d1,EIDC,1,1,0,1,0,0,0,1,0,2,true
10.5285/b29d8ab8-9aa7-4f63-a03d-4ed176c32bf3,EIDC,2,2,0,2,0,0,0,3,1,4,true
10.5285/b2b5498c-8eef-44b0-9610-844784f9f16b,EIDC,1,1,0,1,0,0,0,2,1,3,true
10.5285/b2b9bfe408f14ea7a79d9ff7aee0d0b8,BODC,1,1,0,1,0,0,0,1,0,2,true
10.5285/b2e5007e-f3a8-429c-e053-6c86abc0ba4f,BODC,0,0,0,0,0,0,0,1,1,1,true
10.5285/b2f81914257c4188b181a4d8b0a46bff,CEDA,4,4,0,4,0,0,0,6,2,7,true
10.5285/b2faed8b-ed62-44c2-b127-994deb548a41,PDC,4,4,0,0,4,0,0,0,0,5,true
10.5285/b317f707-2ef6-449c-acc3-6bb087efecb1,PDC,5,5,0,1,3,1,0,3,2,8,true
10.5285/b330d395-68f2-47f1-8d59-3291dc02923b,EIDC,1,1,0,1,0,0,0,1,0,11,true
10.5285/b37382e8c1e74b849831a5fa13afdcae,CEDA,0,0,0,0,0,0,0,1,1,24,true
10.5285/b3a55011-bf46-40f5-8850-86dc8bc4c85d,EIDC,0,0,0,0,0,0,0,1,1,2,true
10.5285/b3a75382-31db-428c-90bb-458fdf66d77a,NGDC,0,0,0,0,0,0,0,2,2,2,true
10.5285/b3dfc4c7-c9bd-4a02-bed8-46b2a41be04a,EIDC,4,4,0,4,0,0,0,4,0,13,true
10.5285/b3eca350-79aa-49b2-bd6b-ffee86ad6559,PDC,0,0,0,0,0,0,0,2,2,3,true
10.5285/b43ce022c8f94f79b5c3b3ede7aad975,CEDA,0,0,0,0,0,0,0,1,1,1,true
10.5285/b46574f7-bffb-170b-e053-6c86abc0be46,BODC,0,0,0,0,0,0,0,1,1,3,true
10.5285/b4c1537e-c729-6463-e053-6c86abc0c7de,BODC,0,0,0,0,0,0,0,1,1,1,true
10.5285/b4c17f35-1b50-4ed7-87d2-b63004a96ca2,EIDC,1,1,0,1,0,0,0,1,0,2,true
10.5285/b5689abb-4eba-49b3-b6b9-a9e29a8af579,PDC,1,1,0,1,0,0,0,1,0,1,true
10.5285/b56d30e8-edaa-4225-96d7-fcc689e930c7,PDC,0,0,0,0,0,0,0,1,1,6,true
10.5285/b57d215e-065f-7f81-e053-6c86abc01a82,BODC,1,1,0,1,0,0,0,1,0,1,true
10.5285/b57ef444-54d4-47f9-8cbf-3cfef1182b55,EIDC,3,3,0,3,0,0,0,5,2,6,true
10.5285/b58e83f0-d8f3-4a83-e053-6c86abc0bbb5,BODC,0,0,0,0,0,0,0,1,1,1,true
10.5285/b5900384-89f0-3a38-e053-6c86abc0409d,BODC,1,1,0,1,0,0,0,2,1,2,true
10.5285/b5c190e4-e35d-40ea-8fbe-598da03a1185,EIDC,11,11,0,11,0,0,0,20,9,29,true
10.5285/b5eaca58-2fce-4a68-bea5-fbafd7c90fa2,PDC,1,1,0,1,0,0,0,2,1,8,true
10.5285/b5fef646-8790-4bcd-8a3e-d6d5b365d2fa,PDC,0,0,0,0,0,0,0,1,1,1,true
10.5285/b5ffac8a-9846-4f86-9a71-3ce992a18148,PDC,1,1,0,0,1,0,0,0,0,2,true
10.5285/b61d58df-b8e8-11c4-e053-6c86abc0246c,BODC,1,1,0,1,0,0,0,1,0,1,true
10.5285/b62f2d5d-1f3f-0c2c-e053-6c86abc0265d,BODC,0,0,0,0,0,0,0,1,1,1,true
10.5285/b656bb43-448d-4b2c-aade-7993aa243ea3,EIDC,1,1,0,1,0,0,0,2,1,3,true
10.5285/b65abf02-bfdb-4546-a3a3-26e829d80b38,EIDC,0,0,0,0,0,0,0,1,1,2,true
10.5285/b66afb2c-cd53-7de9-e053-6c86abc0d251,BODC,1,1,0,1,0,0,0,1,0,2,true
10.5285/b6900166-ded6-4f7a-8734-484b6f77b2f1,EIDC,2,2,0,2,0,0,0,13,11,14,true
10.5285/b692f76f-eac8-466a-a008-32e9ba3e7b44,PDC,0,0,0,0,0,0,0,1,1,2,true
10.5285/b69b8849-6897-47eb-a820-f488f8bca437,EIDC,0,0,0,0,0,0,0,1,1,3,true
10.5285/b6a84c73-89f3-48ec-aee3-592fef634e9b,CEDA,1,1,0,1,0,0,0,1,0,1,true
10.5285/b6b92ce3-dcd7-4f0b-8e43-e937ddf1d4eb,EIDC,2,2,0,2,0,0,0,5,3,6,true
10.5285/b6c8848c-2513-403d-ba60-59f27556d29e,PDC,6,6,0,0,6,0,0,0,0,8,true
10.5285/b6f1e1a4-1f3b-4b74-99e5-651ade10f32c,EIDC,1,1,0,1,0,0,0,1,0,2,true
10.5285/b70afb8f-0a2b-40e6-aecc-ce484256bbfb,EIDC,0,0,0,0,0,0,0,1,1,2,true
10.5285/b70e6ae10a9f463d88819eb981cd4d0f,CEDA,0,0,0,0,0,0,0,1,1,1,true
10.5285/b73794b8-5874-4c51-a2f2-fa895553dfcb,PDC,5,5,0,1,4,0,0,2,1,12,true
10.5285/b745e7b1-626c-4ccc-ac27-56582e77b900,EIDC,29,29,0,29,0,0,0,56,27,79,true
10.5285/b759af06-2bb6-470e-bbac-f89fa1f940f0,PDC,2,2,0,0,2,0,0,2,2,4,true
10.5285/b76223dd-28ae-4b0e-acd3-3b2104eaae0c,EIDC,1,1,0,1,0,0,0,2,1,3,true
10.5285/b77561d8-20ee-45ad-9221-7a8885d5ac8e,EIDC,1,1,0,1,0,0,0,1,0,2,true
10.5285/b77627b1-712a-4c81-868f-c4c0a33a851d,PDC,5,5,0,2,3,0,0,2,0,6,true
10.5285/b77ce981-d038-4774-a620-f50da5dd3d31,EIDC,2,2,0,2,0,0,0,2,0,8,true
10.5285/b79e887e-a2a7-4224-8fd7-e78066b950b3,EIDC,44,44,0,44,0,0,0,45,1,61,true
10.5285/b7a98440-8742-40d5-a518-46dc6420416e,EIDC,0,0,0,0,0,0,0,3,3,9,true
10.5285/b7c6295b72c54fa9bcd8308fea2727e7,CEDA,1,1,0,1,0,0,0,1,0,2,true
10.5285/b80870de014a43a498fc2684e78f32af,CEDA,0,0,0,0,0,0,0,1,1,2,true
10.5285/b809a040-8305-4bc5-baff-76aa2b823734,PDC,1,1,0,0,1,0,0,1,1,3,true
10.5285/b810601740bd4848b0d7965e6d83d26c,CEDA,2,2,0,2,0,0,0,3,1,4,true
10.5285/b81071f2-85b3-4e31-8506-cabe899f989a,EIDC,6,6,0,6,0,0,0,8,2,9,true
10.5285/b8141fa5842b45e8863816da536def5a,CEDA,1,1,0,1,0,0,0,1,0,3,true
10.5285/b8143952-421c-4544-8437-58f339253d30,PDC,1,1,0,1,0,0,0,2,1,3,true
10.5285/b839ae53abf94e23b0f61560349ccda1,CEDA,1,1,0,1,0,0,0,1,0,2,true
10.5285/b8886915-14cb-44df-86fa-7ab718acf49a,EIDC,3,3,0,3,0,0,0,5,2,6,true
10.5285/b8b8a266-9162-40d8-98a6-f44178d31543,EIDC,1,1,0,1,0,0,0,2,1,18,true
10.5285/b8c6056a-db74-7453-e053-6c86abc00ce5,BODC,0,0,0,0,0,0,0,2,2,2,true
10.5285/b8c9fd3d-f9ea-4fd8-9557-9022884f711d,EIDC,3,3,0,3,0,0,0,3,0,6,true
10.5285/b8cf940850164ebeb4cba343384f88b8,BODC,1,1,0,1,0,0,0,1,0,1,true
10.5285/b8db8239-3bde-454a-aa75-d1cec24c8763,EIDC,0,0,0,0,0,0,0,1,1,2,true
10.5285/b90093f6-2431-42f3-a6d8-7365f368e188,PDC,4,4,0,0,4,0,0,0,0,5,true
10.5285/b90df3c1-1b55-4579-ba89-e1d62f6f8bab,PDC,1,1,0,1,0,0,0,1,0,1,true
10.5285/b91ea195-fd3d-4171-bae4-198c46575c16,PDC,0,0,0,0,0,0,0,1,1,3,true
10.5285/b93fb7c0-110e-2470-e053-6c86abc05d60,BODC,1,1,0,1,0,0,0,1,0,3,true
10.5285/b93fb7c0-110f-2470-e053-6c86abc05d60,BODC,0,0,0,0,0,0,0,1,1,2,true
10.5285/b95c2ea7-47d2-4816-b942-68779c59bc4d,EIDC,8,8,0,6,0,2,0,8,2,11,true
10.5285/b963ead70580451aa7455782224479d5,CEDA,4,4,0,4,0,0,0,5,1,6,true
10.5285/b98efec8-6de0-4e0c-85dc-fe4cdf01f086,EIDC,1,1,0,1,0,0,0,1,0,18,true
10.5285/b9b28a35-8620-4182-bf9c-638800b6679b,PDC,3,3,0,1,2,0,0,2,1,8,true
10.5285/b9bd0df2-f8de-21fe-e053-6c86abc0cb35,BODC,0,0,0,0,0,0,0,1,1,1,true
10.5285/ba1caf7a-d4e0-4671-972a-e567a25ccd2c,PDC,2,2,0,2,0,0,0,2,0,5,true
10.5285/ba208b6c-6f1a-43b1-867d-bc1adaff6445,EIDC,0,0,0,0,0,0,0,1,1,2,true
10.5285/ba29d42b-ebee-4da8-9861-f46277e14b5d,PDC,1,1,0,0,1,0,0,0,0,2,true
10.5285/ba36de6f-5a20-476b-965d-48182166114a,NGDC,1,1,0,1,0,0,0,1,0,1,true
10.5285/baa5097e-5139-4d8b-8986-3cc84c3319b7,PDC,1,1,0,1,0,0,0,1,0,1,true
10.5285/bad1514f-119e-44a4-8e1e-442735bb9797,EIDC,7,7,0,7,0,0,0,11,4,12,true
10.5285/baef2e88-300f-42bc-8ccb-bfdff147a492,PDC,2,2,0,0,1,1,0,0,0,2,true
10.5285/baf51776-c2d0-4e57-9cd3-30cd6336d9cf,EIDC,1,1,0,1,0,0,0,1,0,30,true
10.5285/bb15e200-9349-403c-bda9-b430093807c7,EIDC,56,56,0,56,0,0,0,104,48,106,true
10.5285/bb381b5b-d44e-4dbd-a9d1-efffd4c3e4a8,EIDC,1,1,0,1,0,0,0,3,2,19,true
10.5285/bb4b1e74-d5af-4a73-9174-62a01807c641,PDC,2,2,0,1,1,0,0,1,0,3,true
10.5285/bb703113-3428-483c-858a-2a85cafd9821,EIDC,0,0,0,0,0,0,0,3,3,4,true
10.5285/bb785c19-3cf6-4483-9fe5-13829d489a83,EIDC,0,0,0,0,0,0,0,1,1,2,true
10.5285/bb81c82352524df99ddd411f6ca2ec81,CEDA,1,1,0,1,0,0,0,2,1,3,true
10.5285/bbca3267dc7d4219af484976734c9527,CEDA,7,7,0,7,0,0,0,10,3,18,true
10.5285/bbdfd09a04304158b366777eba0d2aeb,CEDA,1,1,0,1,0,0,0,4,3,4,true
10.5285/bbf12a6f-7d97-4951-9bd1-e4224e2abac9,PDC,1,1,0,1,0,0,0,2,1,3,true
10.5285/bc114581-413a-4c62-adb6-556155901f68,PDC,4,4,0,1,0,3,0,1,0,7,true
10.5285/bc36472c-de05-4981-8c8b-43677ad7f956,NGDC,1,1,0,1,0,0,0,1,0,1,true
10.5285/bc55df03-cac4-4384-bfa7-57b65d969b48,PDC,1,3,0,0,3,0,0,0,0,4,true
10.5285/bc6d802a-fce5-495d-b5e1-bb26f824847c,PDC,2,2,0,1,1,0,0,1,0,4,true
10.5285/bc71347d-298a-4df3-88b0-cb9a908db166,PDC,3,3,0,3,0,0,0,6,3,12,true
10.5285/bc81931c-4e8e-439a-b3c9-d3d1fdb109df,PDC,13,13,0,1,12,0,0,2,1,17,true
10.5285/bc9dbcff-a485-4e06-83d4-889d263c7ba2,PDC,11,11,0,0,11,0,0,0,0,13,true
10.5285/bca0d930-a10d-4ae8-9afc-ad1bf73de35a,NGDC,1,1,0,1,0,0,0,1,0,3,true
10.5285/bcbc7d2e-4e75-43ad-8d9c-a3a3bd4fb013,PDC,1,1,0,1,0,0,0,1,0,1,true
10.5285/bcec9c33-f863-464e-ac28-73b981bd40a4,EIDC,0,0,0,0,0,0,0,2,2,4,true
10.5285/bd1f80ef-114a-429d-a629-20d19bacec79,NGDC,1,1,0,1,0,0,0,1,0,1,true
10.5285/bd24da1f-0761-4564-8dd8-dfd71a559a71,EIDC,1,1,0,1,0,0,0,1,0,2,true
10.5285/bd2d14a3-18c9-6a53-e053-6c86abc01c89,BODC,0,0,0,0,0,0,0,1,1,1,true
10.5285/bd375134bd8c4990a1e9eb6d199cc723,CEDA,0,0,0,0,0,0,0,1,1,2,true
10.5285/bd37710e-6a53-49f0-9a07-6973408a3342,EIDC,1,1,0,1,0,0,0,5,4,6,true
10.5285/bd3bf607-a3b2-423b-b07b-9c41e84746ee,EIDC,2,2,0,2,0,0,0,2,0,3,true
10.5285/bd62a79f-473b-4c00-a111-3bbe6bd446fd,PDC,2,2,0,1,1,0,0,1,0,3,true
10.5285/bd6a8de8-fcf2-42fa-b0a6-1c940cd08b7f,PDC,1,1,0,1,0,0,0,1,0,2,true
10.5285/bd7164851bcc491b912f9d650fcf7981,CEDA,2,2,0,2,0,0,0,3,1,3,true
10.5285/bd940dad-9bf4-40d9-891b-161f3dfe8e86,EIDC,0,0,0,0,0,0,0,2,2,4,true
10.5285/bda782a6-e89a-41a6-8791-f28001bc5d11,PDC,1,1,0,1,0,0,0,3,2,13,true
10.5285/be0bdc0e-bc2e-4f1d-b524-2c02798dd893,EIDC,0,0,0,0,0,0,0,2,2,3,true
10.5285/be418645dfa542df86165a7caad24284,CEDA,1,1,0,1,0,0,0,2,1,4,true
10.5285/be5639e9-75e9-4aa3-afdd-65ba80352591,EIDC,0,0,0,0,0,0,0,2,2,3,true
10.5285/beb62085-ba81-480c-9ed0-2d31c27ff196,EIDC,1,1,0,1,0,0,0,4,3,9,true
10.5285/beda45d1-dd33-4666-8861-b4b91af0180f,PDC,0,0,0,0,0,0,0,1,1,3,true
10.5285/bedc59f37c9545c981a839eb552e4084,CEDA,6,6,0,6,0,0,0,27,21,27,true
10.5285/bf0d7332-4cfe-4277-bd99-3caf35332a7b,EIDC,1,1,0,1,0,0,0,1,0,2,true
10.5285/bf150dd6-7b28-49ca-b66f-8b543a33a5c0,NGDC,2,2,0,2,0,0,0,2,0,4,true
10.5285/bf189c57-61eb-4339-a7b3-d2e81fdde28d,EIDC,4,4,0,4,0,0,0,5,1,6,true
10.5285/bf508daa-c33c-4d75-a250-72b94b1855d4,EIDC,0,0,0,0,0,0,0,1,1,2,true
10.5285/bf535053562141c6bb7ad831f5998d77,CEDA,4,4,0,4,0,0,0,8,4,8,true
10.5285/bf62d713-93e5-487f-acba-1ec2da35c7e1,PDC,6,6,0,0,5,1,0,0,0,6,true
10.5285/bf6f0cfbd09e47498572f21081376702,BODC,1,1,0,1,0,0,0,1,0,2,true
10.5285/bf82cec2-5f8a-407c-bf74-f8689ca35e83,EIDC,1,1,0,1,0,0,0,2,1,3,true
10.5285/c01e2345-4406-404c-bbf2-f1a733077751,PDC,1,1,0,1,0,0,0,1,0,1,true
10.5285/c0261633-fd14-4d45-a58d-72998816c4cd,PDC,2,2,0,2,0,0,0,2,0,3,true
10.5285/c0294ec9-45d6-464c-b543-ce9ece9fd968,EIDC,0,0,0,0,0,0,0,1,1,2,true
10.5285/c03ec758-d74d-4267-97fe-1be409f4c366,NGDC,0,0,0,0,0,0,0,2,2,2,true
10.5285/c059bb26-276d-4be6-ae8c-778aee12a3b4,PDC,0,0,0,0,0,0,0,1,1,5,true
10.5285/c0822023-0ec2-425f-8bf9-a546ce281ee0,EIDC,1,1,0,1,0,0,0,1,0,30,true
10.5285/c093ea38-a23d-4669-b88d-462bb49769d2,PDC,1,1,0,1,0,0,0,1,0,1,true
10.5285/c099d04e-72e0-4ee9-ac72-11dc004ec1f6,EIDC,1,1,0,1,0,0,0,1,0,2,true
10.5285/c09e9908-6a21-43a8-bc5a-944f9eb8b97e,NGDC,2,2,0,2,0,0,0,4,2,4,true
10.5285/c0c1050a-2360-4464-9b0f-c2c101e5d1c2,PDC,0,0,0,0,0,0,0,1,1,1,true
10.5285/c0c7998800414e46b6823dc75751bb4c,CEDA,1,1,0,1,0,0,0,1,0,2,true
10.5285/c0f65bf5-3cb0-41ab-be3d-982490cecba9,EIDC,1,1,0,1,0,0,0,1,0,2,true
10.5285/c0f9eff8-0efa-1044-e053-6c86abc0ce9f,BODC,3,3,0,3,0,0,0,3,0,6,true
10.5285/c107618f1db34801bb88a1e927b82317,CEDA,2,2,0,2,0,0,0,6,4,6,true
10.5285/c10a2798-40cc-7648-e053-6c86abc07c3c,BODC,3,3,0,3,0,0,0,3,0,6,true
10.5285/c1114f67-c307-4aab-9299-95d4fbbdd53f,EIDC,1,1,0,1,0,0,0,1,0,2,true
10.5285/c11bdb27-df44-4b56-8f4c-afc51b6e1e3a,PDC,1,1,0,0,1,0,0,0,0,2,true
10.5285/c1252fb5-8075-431c-a78b-1c1d8da37c5e,PDC,1,1,0,1,0,0,0,1,0,1,true
10.5285/c1813d0d-193f-4f23-82c6-333d5d099b42,EIDC,1,1,0,1,0,0,0,2,1,3,true
10.5285/c1900414-3e31-4d85-a2b8-3beacdf54392,NGDC,1,1,0,1,0,0,0,1,0,2,true
10.5285/c1afe32c-493c-4dc7-af9f-649593b97b2c,PDC,3,3,0,1,2,0,0,1,0,4,true
10.5285/c1bd61f95443402d8b34a91eeea903e5,CEDA,1,1,0,1,0,0,0,1,0,3,true
10.5285/c1d393f990fb4b6688b048222833d92f,CEDA,1,1,0,1,0,0,0,3,2,5,true
10.5285/c1d73bd3-33aa-4a5f-aac5-47c403c2a0e6,EIDC,0,0,0,0,0,0,0,1,1,2,true
10.5285/c1d83502-8799-4e3c-bdca-21db6a4405d4,PDC,2,2,0,2,0,0,0,3,1,3,true
10.5285/c1f14c54-ffe1-4581-b479-897ff9262e98,EIDC,1,1,0,1,0,0,0,1,0,2,true
10.5285/c2346fb2-7ef0-421c-9511-6ba7701f0f0a,PDC,20,20,0,0,20,0,0,0,0,21,true
10.5285/c2587e20-ba4a-4444-8ce9-ccdec15b0aa3,EIDC,0,0,0,0,0,0,0,1,1,2,true
10.5285/c26e3873-e33e-45be-b76b-87f3b8827101,PDC,5,5,0,1,3,1,0,2,1,7,true
10.5285/c2dfc6b7-dd61-41f9-8624-a45f2cf978df,PDC,0,0,0,0,0,0,0,1,1,9,true
10.5285/c311c7948e8a47b299f8f9c7ae6cb9af,CEDA,3,3,0,3,0,0,0,5,2,6,true
10.5285/c3527258-c9ab-40d9-af0c-ddedabbd67a1,EIDC,1,1,0,1,0,0,0,2,1,3,true
10.5285/c3723adb-1a8c-4b57-958b-1d610d2c37fe,EIDC,1,1,0,1,0,0,0,3,2,25,true
10.5285/c3884aa0-b083-469d-8a0d-fdbbb79aff05,EIDC,1,1,0,1,0,0,0,1,0,11,true
10.5285/c38b3986-b67e-40e9-9026-85ddbe3830d3,EIDC,0,0,0,0,0,0,0,1,1,2,true
10.5285/c39a32b2-1a30-4426-8389-2fae21ec60ad,NGDC,0,0,0,0,0,0,0,1,1,1,true
10.5285/c3b45aac-a497-4e57-9ee0-8cdd8677f5de,EIDC,1,1,0,1,0,0,0,1,0,3,true
10.5285/c3e530bf-af20-43fc-8b4b-92682233ff08,EIDC,2,2,0,2,0,0,0,7,5,8,true
10.5285/c3e8a5f5-a858-4df0-b7b5-217218ad920c,PDC,6,6,0,0,6,0,0,0,0,8,true
10.5285/c4035f3d-d93e-4d63-a8f3-b00096f597f5,EIDC,6,6,0,6,0,0,0,6,0,7,true
10.5285/c40cdd54-583a-43b2-b5fe-1784cbabfd71,NGDC,0,0,0,0,0,0,0,1,1,1,true
10.5285/c42314b9-089e-48e7-b08e-8f664f5dc71c,PDC,0,0,0,0,0,0,0,1,1,3,true
10.5285/c4806e25-5325-4b01-8066-91a8fb55eb41,EIDC,2,2,0,2,0,0,0,3,1,4,true
10.5285/c4c2c5ae-d926-4ee0-b069-6479ecab2787,EIDC,0,0,0,0,0,0,0,3,3,4,true
10.5285/c4ecfe25-12f2-453b-ad19-49a19e90ee32,PDC,1,1,0,1,0,0,0,3,2,3,true
10.5285/c4f91dfa-a218-06cd-e053-6c86abc03dcd,BODC,3,3,0,0,3,0,0,0,0,3,true
10.5285/c50776e4903942cdb329589da70b83fe,CEDA,2,2,0,2,0,0,0,2,0,3,true
10.5285/c528fbf7-362a-41f7-a060-6b278e67349b,PDC,2,2,0,0,2,0,0,0,0,3,true
10.5285/c560ce43-7aa0-4474-90ed-d4ee5f5768ea,PDC,1,1,0,1,0,0,0,1,0,3,true
10.5285/c563569e-0875-404b-acb2-cd5f9e5c4706,PDC,1,1,0,0,1,0,0,0,0,1,true
10.5285/c57a3261-f5f8-40e3-bcd3-c749733b3119,PDC,1,1,0,1,0,0,0,1,0,1,true
10.5285/c5890438-cdae-409b-8d49-705b754a1fe9,PDC,42,42,0,42,0,0,0,42,0,43,true
10.5285/c58c1af69b9745fda4cdf487a9547185,CEDA,2,2,0,2,0,0,0,3,1,22,true
10.5285/c596cdd7-c709-461a-e053-6c86abc0c127,BODC,3,3,0,3,0,0,0,3,0,3,true
10.5285/c5e72461-c61f-4800-8bbf-95c85f74c416,EIDC,3,3,0,3,0,0,0,5,2,12,true
10.5285/c5f17526-4ef5-412e-859a-2e7c45522d3c,PDC,12,12,0,1,11,0,0,1,0,14,true
10.5285/c5fa84fb-f6e3-4780-8517-de0f78b62ea3,PDC,3,3,0,1,2,0,0,2,1,20,true
10.5285/c616149a-fb19-4d6b-a9e5-84363538ed7e,EIDC,18,18,0,18,0,0,0,18,0,38,true
10.5285/c61bfe88-873b-44d8-9b0e-6a0ee884ad95,CEDA,1,1,0,1,0,0,0,4,3,4,true
10.5285/c6202511-d70b-45ae-9b72-ff30f4888f5f,PDC,0,0,0,0,0,0,0,1,1,1,true
10.5285/c6324118-94a2-4e03-8715-b24b82322a57,PDC,3,3,0,0,3,0,0,0,0,15,true
10.5285/c6612cbe-50b3-0cff-e053-6c86abc09f8f,BODC,89,89,0,88,1,0,0,152,64,159,true
10.5285/c67b06b7-c3f6-49a3-baf2-9fc3a72cb98a,EIDC,2,2,0,2,0,0,0,3,1,4,true
10.5285/c67fde7f-a1c8-4cb4-a76e-0c6d21c82222,EIDC,1,1,0,1,0,0,0,1,0,3,true
10.5285/c6b2f1ca5f8e4c5285fb4f69d1514a03,CEDA,1,1,0,1,0,0,0,1,0,4,true
10.5285/c6e27bda1fc849c098a7fff7ff69fd5a,CEDA,0,0,0,0,0,0,0,1,1,1,true
10.5285/c6f1b1ff16f8407386e2d643bc5b916a,CEDA,1,1,0,1,0,0,0,3,2,3,true
10.5285/c7148c20-c6b3-43e1-9f99-b6e38e4dfdaf,EIDC,2,2,0,2,0,0,0,2,0,3,true
10.5285/c72ab043-1b02-42c9-94e8-c1cae42b3dc8,EIDC,1,1,0,1,0,0,0,5,4,6,true
10.5285/c73e478afb4745d6966025049e4de53a,CEDA,1,1,0,1,0,0,0,1,0,2,true
10.5285/c7590fe40d8e44169d511c70a60ccbcc,CEDA,0,0,0,0,0,0,0,1,1,4,true
10.5285/c75ea98b-080e-455e-a54f-a9e8cf07aa73,PDC,4,4,0,1,3,0,0,1,0,6,true
10.5285/c76096d6-45d4-4a69-a310-4c67f8dcf096,EIDC,9,9,0,9,0,0,0,16,7,24,true
10.5285/c770b7c2-8d52-454f-936c-2999338bdee7,EIDC,1,1,0,1,0,0,0,1,0,24,true
10.5285/c7a1a7b2-b220-1403-e053-6c86abc039bf,BODC,1,1,0,1,0,0,0,2,1,10,true
10.5285/c7a6d602-ab52-4f3c-90a4-42d0cd9f62d3,PDC,0,0,0,0,0,0,0,1,1,3,true
10.5285/c7aa01e5-9af4-453e-8836-16ef3e932c3b,PDC,11,11,0,0,11,0,0,0,0,13,true
10.5285/c7be6416-8814-46aa-b867-5dc2d1870e86,NGDC,1,1,0,1,0,0,0,1,0,1,true
10.5285/c7ce1610-aba3-4a09-bf7c-1b6c774d597a,EIDC,0,0,0,0,0,0,0,3,3,4,true
10.5285/c7db6003-1f72-4e69-b0b4-ec4b0aa4763c,PDC,0,0,0,0,0,0,0,3,3,3,true
10.5285/c7ea5697-87e3-4529-a0dd-089a2ed638fb,PDC,3,3,0,1,2,0,0,3,2,13,true
10.5285/c7ec736c-e1b0-48b5-b9b9-e68aa5adfcc3,PDC,3,3,0,3,0,0,0,3,0,3,true
10.5285/c7fe759d-e042-479a-9ecf-274255b4f0a1,PDC,3,3,0,3,0,0,0,4,1,14,true
10.5285/c831d5e4-8d03-4aea-a6c6-6db101f36d8d,PDC,1,1,0,0,1,0,0,0,0,2,true
10.5285/c86c0daa2e654beda74a79d17624f160,CEDA,1,1,0,1,0,0,0,1,0,1,true
10.5285/c8c3f4ef-889b-457a-a05b-1b2214d5802c,EIDC,1,1,0,1,0,0,0,1,0,2,true
10.5285/c8d0ac67-6d47-42b1-af29-2339be8a5d82,EIDC,0,0,0,0,0,0,0,1,1,2,true
10.5285/c8d5a7a4-e19b-497f-b7ae-56f9a2b15a56,PDC,4,4,0,1,3,0,0,1,0,4,true
10.5285/c8d8ffe6-0aff-493c-b40f-e63f0c35f081,PDC,1,1,0,1,0,0,0,1,0,2,true
10.5285/c8ddb9ad-a710-4cf3-b068-cf1c57ff31ae,PDC,20,20,0,0,20,0,0,1,1,22,true
10.5285/c8feabac-7c3f-4c35-91f7-296782b957d1,EIDC,2,2,0,2,0,0,0,2,0,3,true
10.5285/c904c5f0-7f21-4759-a7d4-c262da230b53,EIDC,0,0,0,0,0,0,0,2,2,3,true
10.5285/c9079345-74a8-42af-8843-2151e6557e0f,PDC,2,2,0,0,1,1,0,0,0,4,true
10.5285/c91c5bda-9d40-4711-b926-11343444da19,PDC,5,5,0,0,5,0,0,0,0,6,true
10.5285/c9262369-4db1-48e1-9660-3ef8667ab19b,NGDC,0,0,0,0,0,0,0,1,1,1,true
10.5285/c9386b5c-b459-782f-e053-6c86abc0d129,BODC,1,1,0,1,0,0,0,8,7,9,true
10.5285/c9449bf5-b8f6-4a1c-b3eb-0d70575cba39,EIDC,1,1,0,1,0,0,0,4,3,5,true
10.5285/c9663d0c525f4b0698f1ec4beae3688e,CEDA,0,0,0,0,0,0,0,1,1,2,true
10.5285/c972e316-2b93-1b4e-e053-6c86abc02285,BODC,2,2,0,2,0,0,0,2,0,2,true
10.5285/c9a85f7c-45e2-4201-af82-4c833b3f2c5f,EIDC,3,3,0,3,0,0,0,7,4,9,true
10.5285/c9ae04d6-32d2-73f1-e053-6c86abc0c833,BODC,2,2,0,2,0,0,0,2,0,2,true
10.5285/c9bc537a-d1c5-43a0-b146-42c25d4e8160,EIDC,0,0,0,0,0,0,0,1,1,2,true
10.5285/c9c6d671-ad19-4a78-96b2-7d47e9bac46a,PDC,6,6,0,0,6,0,0,1,1,7,true
10.5285/c9cab04a8b00486e8c20d9ec68931593,CEDA,0,0,0,0,0,0,0,1,1,2,true
10.5285/c9e802b3-43c8-4b36-a3a3-8861d9da8ea9,EIDC,4,4,0,4,0,0,0,6,2,7,true
10.5285/ca2b1766-2acc-4eeb-82d1-29970e9a5667,EIDC,22,22,0,22,0,0,0,22,0,25,true
10.5285/ca302d30-7b8b-46ec-90b6-67b79df00c92,EIDC,3,3,0,3,0,0,0,6,3,18,true
10.5285/ca34e25b-6138-4b72-b32c-778d762118f1,EIDC,1,1,0,1,0,0,0,1,0,2,true
10.5285/ca55ac11fc814b0d95e68a34a10539c1,CEDA,1,1,0,1,0,0,0,1,0,2,true
10.5285/ca60bfec-9070-4967-920e-0c42554ad649,PDC,0,0,0,0,0,0,0,2,2,2,true
10.5285/ca6752ed-3a22-4790-a86d-afadaedda082,EIDC,3,3,0,2,0,1,0,2,0,4,true
10.5285/ca785f4c-5e45-4743-83bb-e30dd620de2e,EIDC,1,1,0,1,0,0,0,1,0,2,true
10.5285/cabc37d867fa4f2a84302350df908693,CEDA,0,0,0,0,0,0,0,1,1,15,true
10.5285/cad2af6c-0c97-414c-8d5f-992741b283cf,EIDC,1,1,0,1,0,0,0,1,0,2,true
10.5285/caf989a5-82d7-4db7-b6ff-c0475fdae07e,EIDC,0,0,0,0,0,0,0,3,3,4,true
10.5285/cb0d7a37-45c5-4645-b5ef-ba097d92fc20,EIDC,0,0,0,0,0,0,0,1,1,2,true
10.5285/cb336b72-1978-4319-a591-c6ac42ffcd61,NGDC,1,1,0,1,0,0,0,1,0,1,true
10.5285/cb8840f2-c630-4a86-9bba-d0e070d56f04,EIDC,1,1,0,1,0,0,0,1,0,2,true
10.5285/cbaa464a-ac18-42bf-8518-c746d8d97270,EIDC,1,1,0,1,0,0,0,1,0,2,true
10.5285/cbacce42-2fdc-4f06-bdc2-73b6c66aa641,PDC,4,4,0,2,2,0,0,4,2,10,true
10.5285/cbc6eb20-de95-457d-9000-c78b0ae9ee51,PDC,1,1,0,1,0,0,0,1,0,1,true
10.5285/cbccb101-c877-4e43-ac70-e8a852b51f07,EIDC,1,1,0,1,0,0,0,1,0,2,true
10.5285/cbd2cf78-462a-4968-be20-05f9c125ad10,PDC,1,1,0,1,0,0,0,1,0,5,true
10.5285/cc0794f0-748a-42aa-b491-2f9b65c771a6,EIDC,2,2,0,2,0,0,0,2,0,3,true
10.5285/cc0b73c0-3b53-40fb-ae84-b5dce4ac163a,PDC,9,9,0,0,9,0,0,1,1,11,true
10.5285/cc1b2bd9-2099-4fea-a731-6b4cf3d4c2be,NGDC,0,0,0,0,0,0,0,1,1,1,true
10.5285/cc1d42de-dfe6-40aa-a1a6-d45cb2fc8293,PDC,1,1,0,1,0,0,0,3,2,4,true
10.5285/cc1e34b3-3385-662b-e053-6c86abc03444,BODC,15,15,0,15,0,0,0,30,15,39,true
10.5285/cc264d08-ba89-42f0-a7cf-9c9477e1e2bd,EIDC,1,1,0,1,0,0,0,1,0,2,true
10.5285/cc2aa8f3-95cb-4b85-b883-8ac26e69bdbe,EIDC,0,0,0,0,0,0,0,2,2,4,true
10.5285/cc32622e68ad40bcac14fc6cd69ae4b7,CEDA,0,0,0,0,0,0,0,2,2,2,true
10.5285/cc4c656f-4e4d-4f26-af23-69b4f007e43f,EIDC,0,0,0,0,0,0,0,1,1,2,true
10.5285/cc5ae9b1-43a0-475e-9157-a9b7fccb24e7,EIDC,0,0,0,0,0,0,0,5,5,6,true
10.5285/cc6b5e83-a1f4-40d6-bbbb-64366b002418,EIDC,1,1,0,1,0,0,0,3,2,6,true
10.5285/cce26277-0b17-4c25-aa08-dd1486f89d9b,EIDC,1,1,0,1,0,0,0,2,1,3,true
10.5285/ccfded8f-c8dc-4a24-8338-5af94dbfcc16,EIDC,1,1,0,1,0,0,0,4,3,5,true
10.5285/cd0e9bc1-bd57-44ae-9fec-2f6239e8726d,EIDC,1,1,0,1,0,0,0,1,0,2,true
10.5285/cd9da2f5-05f6-15bb-e053-6c86abc01d68,BODC,0,0,0,0,0,0,0,1,1,2,true
10.5285/cdbca137-0bb3-4281-b872-399a4df8e946,NGDC,2,2,0,2,0,0,0,2,0,7,true
10.5285/cddac04f-ea6e-439f-9e54-36db0d8c843f,PDC,0,0,0,0,0,0,0,2,2,11,true
10.5285/cddfe3093be247d7bac56c9fa9edb3d5,CEDA,0,0,0,0,0,0,0,2,2,4,true
10.5285/cdeb448d-10de-4e6e-b56b-6a16f7c59095,PDC,2,2,0,2,0,0,0,8,6,15,true
10.5285/ce0a6690-9277-4880-a20a-b30477bf8646,EIDC,1,1,0,1,0,0,0,1,0,2,true
10.5285/ce391488-1b3c-4f82-9289-4beb8b8aa7da,EIDC,7,7,0,7,0,0,0,24,17,26,true
10.5285/ce40e62a-21ae-45b9-ba5b-031639a504f7,EIDC,0,0,0,0,0,0,0,2,2,3,true
10.5285/ce535cef-842e-4875-ad80-26760900cec0,EIDC,1,1,0,1,0,0,0,1,0,15,true
10.5285/ce8bf6be-4b5f-454c-9165-73ab4c3baf23,PDC,2,2,0,2,0,0,0,3,1,5,true
10.5285/ceaded7386ab4fb781e5344cb94db57d,CEDA,1,1,0,1,0,0,0,1,0,1,true
10.5285/cee99bc4-15f7-42a0-bbbc-d3085ebfa486,EIDC,22,22,0,22,0,0,0,22,0,23,true
10.5285/cf10ea9a-a249-4074-ac0c-e0c3079e5e45,EIDC,1,1,0,0,0,1,0,1,1,5,true
10.5285/cf2d9ba9-d51d-3b7c-e053-8486abc0f5fd,BODC,21,21,0,21,0,0,0,36,15,36,true
10.5285/cf3133fb-0bd5-48e5-a89c-d464bd5b90a3,PDC,1,1,0,1,0,0,0,1,0,1,true
10.5285/cf5050d8-495d-45a6-9e2e-bba5239284c2,EIDC,2,2,0,2,0,0,0,3,1,9,true
10.5285/cf68be0c-e969-4190-8ec6-abeedb51b42c,EIDC,1,1,0,1,0,0,0,1,0,2,true
10.5285/cf70f798-442a-4775-963c-b6600023830f,EIDC,0,0,0,0,0,0,0,2,2,4,true
10.5285/cf87183c-51df-4588-be73-ad0a45fea2d7,PDC,0,0,0,0,0,0,0,1,1,1,true
10.5285/cfa4cc5d-3ea9-4c3c-8d6b-6b92a81bb2af,PDC,1,1,0,0,1,0,0,2,2,3,true
10.5285/cfa9abd4-1200-47b6-9553-aa1b6e4d9ffd,EIDC,0,0,0,0,0,0,0,2,2,3,true
10.5285/cfafb639-991a-422f-9caa-7793c195d316,PDC,1,1,0,1,0,0,0,1,0,1,true
10.5285/cfc33544-e1df-4202-9d4b-c99e7f8a51d4,PDC,1,1,0,0,1,0,0,0,0,2,true
10.5285/cfdb346f-6cde-4fba-9044-96e202398435,EIDC,27,27,0,27,0,0,0,27,0,56,true
10.5285/cfe938e70f8f4e98b0622296743f7913,CEDA,0,0,0,0,0,0,0,1,1,4,true
10.5285/cfeceb7e-b6b5-4f40-a1bc-c25f38deeb9f,EIDC,0,0,0,0,0,0,0,1,1,2,true
10.5285/d00a647a-16ec-4d2a-a3a3-ad59597e8ca2,EIDC,0,0,0,0,0,0,0,1,1,2,true
10.5285/d023376c-08e3-451b-9d57-de13f14726bd,NGDC,1,1,0,1,0,0,0,2,1,2,true
10.5285/d0741544-cdf3-497d-996b-e30b4b7373c1,EIDC,1,1,0,1,0,0,0,1,0,2,true
10.5285/d093b7b9-f590-48dd-8206-74d239cdbf30,PDC,0,0,0,0,0,0,0,1,1,2,true
10.5285/d0a6a8bf-68f0-4935-8b43-4e597c3bf251,EIDC,3,3,0,3,0,0,0,7,4,9,true
10.5285/d0e1585d-3417-485f-87ae-4fcecf10a992,CEDA,15,15,0,15,0,0,0,36,21,36,true
10.5285/d134335808894b2bb249e9f222e2eca8,CEDA,4,4,0,4,0,0,0,7,3,35,true
10.5285/d1b08279-68a8-4d93-afa2-576e903cc04d,EIDC,1,1,0,1,0,0,0,1,0,2,true
10.5285/d1c277836e754e279c9a964ad3d95828,CEDA,1,1,0,1,0,0,0,1,0,3,true
10.5285/d1c61edc4f554ee09ad370f6b52f82ce,CEDA,1,1,0,1,0,0,0,1,0,2,true
10.5285/d201a2af-568e-4195-bf02-961fb6954c72,EIDC,2,2,0,2,0,0,0,3,1,4,true
10.5285/d21a496a-a48f-1f21-e053-6c86abc08512,BODC,0,0,0,0,0,0,0,2,2,4,true
10.5285/d235665772ec4b558e9a89ac85595e71,CEDA,2,3,0,3,0,0,0,4,1,5,true
10.5285/d23c26bc-6e6c-5bbf-e053-6c86abc02cfb,BODC,1,1,0,1,0,0,0,1,0,1,true
10.5285/d26ea56a-a692-427c-8f5a-a9bb6eb7da6b,EIDC,0,0,0,0,0,0,0,2,2,3,true
10.5285/d2cfd2af036b4d788d8eddf8ddf86707,CEDA,0,0,0,0,0,0,0,17,17,17,true
10.5285/d2e0cf65-010c-4206-8302-195449d0acba,EIDC,1,1,0,1,0,0,0,2,1,3,true
10.5285/d2eea061026240eb8a2f9cc64a691338,CEDA,0,0,0,0,0,0,0,1,1,3,true
10.5285/d301c5f5-77f5-41ba-934e-a80e1293d4cd,EIDC,2,2,0,2,0,0,0,5,3,6,true
10.5285/d30fa109-67e0-4c1d-8da9-c443834a366d,PDC,1,1,0,1,0,0,0,1,0,4,true
10.5285/d31bcee5-736b-4aed-bda2-c11cacd5dfc7,EIDC,0,0,0,0,0,0,0,1,1,2,true
10.5285/d32244e674dd438ca4d321560daad755,CEDA,1,1,0,1,0,0,0,1,0,1,true
10.5285/d329f4d6-95ba-4134-b77a-a377e0755653,EIDC,11,11,0,11,0,0,0,17,6,19,true
10.5285/d34330ce3f604e368c06d76de1987ce5,CEDA,7,7,0,7,0,0,0,11,4,11,true
10.5285/d347ed22-2b57-4dce-88e3-31a4d00d4358,EIDC,1,1,0,0,0,1,0,2,2,8,true
10.5285/d3498e93-4ac5-4eab-bc1a-eb2328771d24,EIDC,1,1,0,1,0,0,0,2,1,3,true
10.5285/d349babc-329a-4d6e-9eca-92e630e1be3f,EIDC,2,2,0,2,0,0,0,2,0,20,true
10.5285/d34fc0d7-3ef5-49df-b626-908d76e28f75,PDC,1,1,0,1,0,0,0,1,0,1,true
10.5285/d363ff21-1576-4ad6-a2e8-bbc3c0a39b06,PDC,0,0,0,0,0,0,0,1,1,1,true
10.5285/d366ed40-af8c-42be-86f2-bb90b11a659e,EIDC,1,1,0,1,0,0,0,2,1,3,true
10.5285/d370cda8-7d3d-4b62-8d09-23711aa18ac2,EIDC,1,1,0,1,0,0,0,1,0,2,true
10.5285/d38b609b-7bc1-4204-86dd-022375208d4f,EIDC,1,1,0,1,0,0,0,2,1,3,true
10.5285/d38d5949dfb1438185894321095583f4,CEDA,0,0,0,0,0,0,0,1,1,13,true
10.5285/d399794d81fa41779a925b6d4758a5cd,CEDA,1,1,0,1,0,0,0,2,1,14,true
10.5285/d3c98f24-7a4d-40b8-989a-6cc340e91cac,EIDC,0,0,0,0,0,0,0,1,1,3,true
10.5285/d3dcfd8a-918d-48a4-9511-ec832de34636,EIDC,2,2,0,2,0,0,0,3,1,5,true
10.5285/d417b1b9-eaba-4b9d-ba2c-dfb53973b113,EIDC,1,1,0,1,0,0,0,1,0,2,true
10.5285/d43a5297-0394-47ba-9d8c-4dcd09b88c55,CEDA,0,0,0,0,0,0,0,1,1,1,true
10.5285/d441079fc77f49fabeb41330612b252f,CEDA,1,1,0,1,0,0,0,1,0,2,true
10.5285/d4c6029a-464c-49d0-bcc7-75757cab2b3a,EIDC,0,0,0,0,0,0,0,2,2,3,true
10.5285/d4ddc781-25f3-423a-bba0-747cc82dc6fa,EIDC,6,6,0,6,0,0,0,13,7,15,true
10.5285/d4e66299f5054129b8076fb7502949e1,CEDA,1,1,0,1,0,0,0,1,0,2,true
10.5285/d4e823f0172947c5ae6e6b265656c273,CEDA,2,2,0,2,0,0,0,3,1,5,true
10.5285/d4e9f0f7-637a-4aa4-b9df-2a4ca5bfaded,EIDC,0,0,0,0,0,0,0,1,1,29,true
10.5285/d4f92cd8-43e8-49e4-8f9e-efcc0e3b2478,EIDC,1,1,0,1,0,0,0,3,2,4,true
10.5285/d53fdf1d-767a-4046-821a-ea645001ddd3,EIDC,0,0,0,0,0,0,0,2,2,4,true
10.5285/d55d7619-3e07-41b0-929e-c9da0a4b61af,PDC,4,4,0,1,3,0,0,1,0,4,true
10.5285/d55e87dd-a74d-4182-be99-93ab805103ab,PDC,5,5,0,1,4,0,0,1,0,9,true
10.5285/d56a6215ce394ddd8dff6bea5dbb0780,CEDA,0,0,0,0,0,0,0,1,1,2,true
10.5285/d581329422fb455ab9af0ea96c04d266,CEDA,1,1,0,1,0,0,0,1,0,1,true
10.5285/d5b7e5a1-b04d-48d8-a440-c010658ec146,PDC,2,2,0,2,0,0,0,2,0,6,true
10.5285/d5c09172-25cf-4d5f-9fd6-92bc5946ac78,PDC,1,1,0,0,1,0,0,0,0,1,true
10.5285/d5cc1b92-6862-4475-8aa1-5936786d12ab,EIDC,0,0,0,0,0,0,0,1,1,2,true
10.5285/d5ea9e2c-f053-4631-aead-a8a5557488c6,EIDC,1,1,0,1,0,0,0,1,0,2,true
10.5285/d5eb7f17-c802-4dc9-abb0-9675dc63803a,PDC,0,0,0,0,0,0,0,3,3,4,true
10.5285/d5ee5360-12c5-448c-9d2b-f5c941fe3948,EIDC,2,2,0,2,0,0,0,4,2,20,true
10.5285/d61613c4-e24b-4566-a0fe-d1667793a996,PDC,1,1,0,0,1,0,0,0,0,2,true
10.5285/d62347ba-0173-4857-b3fc-b7238988f0d8,EIDC,0,0,0,0,0,0,0,1,1,2,true
10.5285/d62f7f801cb54c749d20e736d4a1039f,CEDA,1,1,0,1,0,0,0,3,2,4,true
10.5285/d6409d40-58fe-4fa7-b7c8-71a105b965b4,EIDC,2,2,0,2,0,0,0,5,3,6,true
10.5285/d6721952-a9ab-4021-adc6-1ccb4d52f1f9,PDC,0,0,0,0,0,0,0,1,1,1,true
10.5285/d6a301f3429b44e7924296f840f68fe6,CEDA,1,1,0,1,0,0,0,1,0,2,true
10.5285/d6a3588b-23a8-4715-88e9-e21ab0060727,EIDC,1,1,0,1,0,0,0,3,2,17,true
10.5285/d6a5a863-a43d-28a9-e053-6c86abc0b1f4,BODC,1,1,0,1,0,0,0,1,0,1,true
10.5285/d6b7c567-49f0-44c7-a94c-e82fa17ff98e,NGDC,1,1,0,1,0,0,0,3,2,3,true
10.5285/d6bcf4171c2f4754a7455d00deda0f72,CEDA,1,1,0,1,0,0,0,1,0,24,true
10.5285/d6c3cc3c-a7b7-48b2-9e61-d07454639656,EIDC,3,3,0,3,0,0,0,5,2,9,true
10.5285/d6c787ec-146c-461b-b8a2-e0251259036c,EIDC,0,0,0,0,0,0,0,1,1,3,true
10.5285/d6f8c045-521b-476e-b0d6-b3b97715c138,EIDC,4,4,0,4,0,0,0,6,2,7,true
10.5285/d7434d83-c30d-4186-aab0-9764821cd807,EIDC,1,1,0,1,0,0,0,1,0,2,true
10.5285/d74b142c-7981-4a6a-9321-cf904a5668e6,PDC,1,1,0,1,0,0,0,1,0,2,true
10.5285/d76d90bb-5d7a-5415-e053-6c86abc0d182,BODC,0,0,0,0,0,0,0,1,1,1,true
10.5285/d7708d08-4bd4-439a-99e2-307a175977ea,PDC,2,2,0,0,2,0,0,0,0,7,true
10.5285/d770b12a-3824-4e40-8da1-930cf9470858,EIDC,1,1,0,1,0,0,0,2,1,5,true
10.5285/d774f98f-030d-45bb-8042-7729573a13b2,EIDC,1,1,0,1,0,0,0,1,0,2,true
10.5285/d77dd930-654b-4d09-99bd-8df3b00025a8,PDC,3,3,0,0,1,2,0,0,0,3,true
10.5285/d7b0dc22-053d-4a91-8e90-2f8b2ab794e4,EIDC,1,1,0,1,0,0,0,1,0,2,true
10.5285/d7b25308-3ec7-4cff-8eed-fe20b815f964,EIDC,0,0,0,0,0,0,0,1,1,2,true
10.5285/d7c00bea-659a-426e-942f-821f6517c449,PDC,2,2,0,2,0,0,0,3,1,13,true
10.5285/d7fb6ce3-7bc9-307b-e053-6c86abc0671b,BODC,0,0,0,0,0,0,0,3,3,3,true
10.5285/d80f5c86-89a7-46d6-8718-47e3d34ab368,PDC,7,7,0,1,5,1,0,1,0,18,true
10.5285/d82a04ce-f04d-40b4-9750-1a2bf7dc29a3,EIDC,4,4,0,4,0,0,0,7,3,8,true
10.5285/d8369a2f-8b50-4711-b492-ae773bfafd95,PDC,0,0,0,0,0,0,0,1,1,3,true
10.5285/d83a0f9e-00c9-4d2d-9d0a-e92a16dcb334,EIDC,0,0,0,0,0,0,0,1,1,2,true
10.5285/d8655cc9-b275-4e77-9e6c-1b16eee5c7d5,EIDC,0,0,0,0,0,0,0,2,2,14,true
10.5285/d8c66670-57ad-44fc-8fef-942a46734ecb,PDC,3,3,0,3,0,0,0,4,1,6,true
10.5285/d8d27fb5-3be4-4a54-aef7-8429ec234667,NGDC,1,1,0,1,0,0,0,1,0,1,true
10.5285/d90a3733-2949-4dfa-8ac2-a88aef8699be,EIDC,1,1,0,1,0,0,0,5,4,6,true
10.5285/d91bd655-ad51-42c1-a8d0-91923246244b,EIDC,1,1,0,1,0,0,0,1,0,2,true
10.5285/d92c91ec-2f96-4ab2-8549-37d520dbd5fc,EIDC,1,1,0,1,0,0,0,3,2,4,true
10.5285/d93494a6-8ce0-4720-8244-426b08cf638e,PDC,1,1,0,0,1,0,0,0,0,2,true
10.5285/d9633a6c-d27e-30b4-e053-6c86abc07104,BODC,4,4,0,0,4,0,0,0,0,4,true
10.5285/d970c095-129a-41ac-9c82-950ab7804581,EIDC,1,1,0,1,0,0,0,1,0,2,true
10.5285/d9a74ea7-2a1a-4068-847e-5bc9f51947c5,PDC,1,1,0,0,1,0,0,1,1,4,true
10.5285/d9df331e346f4a50b18bcf41a64b98c7,CEDA,1,1,0,1,0,0,0,1,0,9,true
10.5285/da13e049-be2b-4345-bbdd-ab960cb24731,PDC,16,16,0,1,7,8,0,1,0,16,true
10.5285/dac20505-a56e-4beb-97ba-077eecd587c0,PDC,1,1,0,0,1,0,0,0,0,1,true
10.5285/dad68dc4-9e36-457e-aa3a-e7eb816fb508,EIDC,29,29,0,29,0,0,0,29,0,53,true
10.5285/dada63fb-c40a-4b13-97ba-c53860881d79,PDC,1,1,0,1,0,0,0,1,0,1,true
10.5285/dae416b4-3762-45bd-ae14-c554883d482c,EIDC,1,1,0,1,0,0,0,1,0,4,true
10.5285/db06c590-4f6d-4a8a-9b8c-ce45204103c1,PDC,1,1,0,1,0,0,0,1,0,1,true
10.5285/db55406b-c9a1-4a9e-88c2-2abbcb4bcad3,EIDC,2,2,0,2,0,0,0,2,0,3,true
10.5285/db8bdbad-6893-4a77-9d12-a9bcb7325b70,PDC,1,1,0,1,0,0,0,2,1,15,true
10.5285/db8d8981-1a51-4d6e-81c0-cced9b921390,CEDA,1,1,0,1,0,0,0,1,0,1,true
10.5285/dbaf29f5-c8dc-4e79-aeb1-1df316e951ec,PDC,6,6,0,0,6,0,0,1,1,8,true
10.5285/dbb30962-bbf3-434a-9f27-6de2f61a86e2,PDC,1,1,0,1,0,0,0,2,1,4,true
10.5285/dbd72bb5-4ad5-4d2f-b546-1cea672f76e8,EIDC,1,1,0,1,0,0,0,1,0,2,true
10.5285/dbf13dd5-90cd-457a-a986-f2f9dd97e93c,EIDC,11,11,0,11,0,0,0,19,8,23,true
10.5285/dbf2e081-b332-4d20-b242-2daa5fed25ae,PDC,3,3,0,1,2,0,0,1,0,4,true
10.5285/dc11996a68c446abb342e917efdaac30,CEDA,0,0,0,0,0,0,0,1,1,2,true
10.5285/dc583be3-3649-4df6-b67e-b0f40b4ec895,EIDC,1,1,0,1,0,0,0,2,1,3,true
10.5285/dca60fc9-106a-4592-91e9-7a905056a679,PDC,1,1,0,1,0,0,0,1,0,2,true
10.5285/dce27a397eaf47e797050c220972ca0e,CEDA,1,1,0,1,0,0,0,1,0,1,true
10.5285/dd2837f0-b721-7b13-e053-6c86abc0cee7,BODC,2,2,0,2,0,0,0,2,0,2,true
10.5285/dd2f7d23-6f11-4053-bc18-3cf2431c1963,EIDC,0,0,0,0,0,0,0,1,1,28,true
10.5285/dd4d20c8626f4b9d99bc14358b1b50fe,CEDA,2,2,0,2,0,0,0,5,3,5,true
10.5285/dd6835bf-9c7e-4ad6-95f2-d15f24162fb3,EIDC,0,0,0,0,0,0,0,1,1,2,true
10.5285/dda6dd55-f955-4dd5-bc03-b07cc8548a3d,EIDC,0,0,0,0,0,0,0,4,4,5,true
10.5285/ddcd1fa7-27d8-4082-93bd-a550c98208cf,EIDC,0,0,0,0,0,0,0,1,1,2,true
10.5285/ddcfd8bb1ff44cd2855e81838b40b17c,CEDA,0,0,0,0,0,0,0,1,1,23,true
10.5285/ddee75ae-2ad0-4d16-81a9-20928d89e872,EIDC,1,1,0,1,0,0,0,3,2,4,true
10.5285/de1f9a43-dd0d-428c-af7b-2dfdfc8c127a,EIDC,1,1,0,1,0,0,0,1,0,2,true
10.5285/de5ca6cc-02e9-42bc-a39e-80ec8acbffba,EIDC,1,1,0,1,0,0,0,3,2,4,true
10.5285/de6591c3d5d44b08b4d954410f353c6e,CEDA,0,0,0,0,0,0,0,1,1,2,true
10.5285/df180b2e-36ea-410e-8487-5a09942afa9e,EIDC,0,0,0,0,0,0,0,2,2,3,true
10.5285/df57b002-2a42-4a7d-854f-870dd867618c,EIDC,2,2,0,2,0,0,0,2,0,3,true
10.5285/df8c4ac0-1723-43ae-ad48-d02d58699f32,PDC,0,0,0,0,0,0,0,1,1,3,true
10.5285/df93e92a3adc46b9a5c4bd3a547cd242,CEDA,3,3,0,3,0,0,0,5,2,5,true
10.5285/dfbcbbf9-8673-4fef-913f-64ea7942d97a,PDC,2,2,0,1,1,0,0,3,2,5,true
10.5285/dfe7a980-89d8-2830-e053-17d1a68b81ba,BODC,0,0,0,0,0,0,0,1,1,1,true
10.5285/e00770f3-4acf-4fd5-ba29-0a4dbdca09a4,EIDC,1,1,0,1,0,0,0,1,0,2,true
10.5285/e0114a4f-32c2-41d9-9c2a-c46f365d4c30,EIDC,1,1,0,1,0,0,0,2,1,3,true
10.5285/e01c3db6-b904-466e-9ab9-0406d909c276,NGDC,1,1,0,1,0,0,0,1,0,1,true
10.5285/e02c8424657846468c1ff3a5acd0b1ab,BODC,0,0,0,0,0,0,0,1,1,3,true
10.5285/e06a885a-42d0-4576-b703-aaec2bdbd83a,PDC,2,2,0,0,2,0,0,0,0,3,true
10.5285/e07d62bf-d58c-4187-a019-59be998939cc,PDC,1,1,0,0,1,0,0,2,2,7,true
10.5285/e0b638d5-8271-4442-97ef-cf46ea220f5d,EIDC,1,1,0,1,0,0,0,2,1,3,true
10.5285/e0df9db6-09ac-4fa3-a815-1394c1988654,NGDC,0,0,0,0,0,0,0,1,1,1,true
10.5285/e0ec7462-b731-47c6-93d6-e4613fb44be0,NGDC,0,0,0,0,0,0,0,1,1,1,true
10.5285/e0f0bb80-ab44-2739-e053-6c86abc0289c,BODC,89,89,0,89,0,0,0,135,46,135,true
10.5285/e0f2b6ea-d11d-3102-e053-6c86abc073ab,BODC,0,0,0,0,0,0,0,1,1,1,true
10.5285/e115d087-e3e4-4794-b4e0-18262b8e6400,PDC,1,1,0,1,0,0,0,1,0,1,true
10.5285/e117045d-ab43-4d0d-9e14-5b6d9a03b301,PDC,5,5,0,1,4,0,0,2,1,10,true
10.5285/e15fbbab-1cdd-4509-81a3-aa050e927dd0,EIDC,1,1,0,1,0,0,0,2,1,3,true
10.5285/e17e7db6-4a78-1a89-e053-6c86abc0253d,BODC,0,0,0,0,0,0,0,1,1,1,true
10.5285/e1a2ebc7-fe66-4deb-836c-f201f0f96a5b,NGDC,1,1,0,1,0,0,0,1,0,1,true
10.5285/e1b6e387-1bd6-444a-8de9-035df0b8baec,EIDC,1,1,0,1,0,0,0,2,1,3,true
10.5285/e1bc2841-81c2-4b6e-ae5b-301f3bf82b68,NGDC,0,0,0,0,0,0,0,2,2,2,true
10.5285/e1c1dbcf-2f37-429b-af19-a730f98600f6,EIDC,0,0,0,0,0,0,0,1,1,2,true
10.5285/e1c292b0-12c7-4998-b48f-7a83a203e604,EIDC,28,28,0,28,0,0,0,28,0,31,true
10.5285/e1d31245-4c0a-4dee-b36c-b23f1a697f88,EIDC,1,1,0,1,0,0,0,3,2,4,true
10.5285/e1fa6897-0f09-4472-adab-5d0d7bbc2548,EIDC,2,2,0,2,0,0,0,3,1,4,true
10.5285/e1ff6e07cd624c59a7e7983ce60add44,CEDA,1,1,0,1,0,0,0,1,0,2,true
10.5285/e203926b-7a54-4c33-a5df-04df2293d7d3,PDC,2,2,0,0,1,1,0,0,0,6,true
10.5285/e238f84e-63b2-4019-8308-7398a8ea204f,PDC,21,21,0,1,20,0,0,1,0,22,true
10.5285/e24264f8-2821-4d6a-ad77-3688b2c69f24,EIDC,1,1,0,1,0,0,0,2,1,12,true
10.5285/e28496a4-0c72-0e7a-e053-6c86abc0d7c7,BODC,0,0,0,0,0,0,0,1,1,1,true
10.5285/e2a05b99-ac06-415d-836b-e3bf37fe7191,NGDC,0,0,0,0,0,0,0,1,1,1,true
10.5285/e2a742df-3772-481a-97d6-0de5133f4812,EIDC,10,10,0,10,0,0,0,12,2,13,true
10.5285/e2d734d6-e632-427e-b302-a206f92ebd63,PDC,1,1,0,0,1,0,0,0,0,1,true
10.5285/e2f248d5-79a1-4af9-bdd4-f739fb12ce9a,EIDC,2,2,0,2,0,0,0,2,0,3,true
10.5285/e2f65907-7aaa-4a45-917c-6f31ca644ad6,PDC,4,4,0,0,4,0,0,0,0,5,true
10.5285/e305fa80-3d38-4576-beef-f6546fad5d45,EIDC,1,1,0,1,0,0,0,1,0,5,true
10.5285/e30908fb-307e-4508-b391-3ccb55da9167,PDC,1,1,0,1,0,0,0,4,3,10,true
10.5285/e30ca77b-9118-4279-8b3a-a4c7773d1c43,EIDC,1,1,0,1,0,0,0,1,0,2,true
10.5285/e32feb53-5db1-44bc-8a09-a6275ba99407,CEDA,0,0,0,0,0,0,0,2,2,2,true
10.5285/e338af5d-8622-05de-e053-6c86abc06489,BODC,2,2,0,2,0,0,0,2,0,2,true
10.5285/e3616d28-759e-4cca-8fae-fe398f9552ba,PDC,1,1,0,0,1,0,0,2,2,5,true
10.5285/e38c58a6-48ec-4ad1-a996-6c6144968d7d,NGDC,2,2,0,2,0,0,0,3,1,10,true
10.5285/e39647f5-fb72-4d16-acbd-9784ed2167b8,PDC,1,1,0,1,0,0,0,2,1,3,true
10.5285/e3a0d52f-b974-414b-9e13-41b171ed659c,PDC,4,4,0,0,1,3,0,0,0,5,true
10.5285/e3a7f3336ff8464f9ae6534a8e8676e5,CEDA,1,1,0,1,0,0,0,2,1,20,true
10.5285/e3c4d368-215d-49b2-8e12-74c99c4c3a9d,EIDC,0,0,0,0,0,0,0,1,1,16,true
10.5285/e40b53d4-6699-4557-bd55-10d196ece9ea,EIDC,6,6,0,6,0,0,0,12,6,15,true
10.5285/e41e9f83-b7ef-4a0e-b630-b73bdc881390,NGDC,1,1,0,1,0,0,0,1,0,1,true
10.5285/e4200c70-fce7-4cfb-9689-0ba079e0b884,PDC,1,1,0,1,0,0,0,1,0,2,true
10.5285/e44ae9bd-fa32-4aab-9524-fbb11d34a20a,EIDC,0,0,0,0,0,0,0,5,5,6,true
10.5285/e46be5bc-ef8e-4fd5-967b-92863fbe2835,PDC,3,3,0,3,0,0,0,7,4,8,true
10.5285/e4c300b1-8bc3-4df2-b23a-e72e67eef2fd,EIDC,2,2,0,2,0,0,0,7,5,9,true
10.5285/e4cf73b0-eef6-4118-a018-40eb374f5de7,EIDC,0,0,0,0,0,0,0,1,1,2,true
10.5285/e4e45cd9-f1c1-5b7a-e053-6c86abc0c363,BODC,2,2,0,1,1,0,0,1,0,2,true
10.5285/e4eac61c06e348389f16bb863334dbf6,CEDA,0,0,0,0,0,0,0,1,1,6,true
10.5285/e53dea2e-cb25-4f0f-b5f9-937eecf15aff,EIDC,1,1,0,1,0,0,0,1,0,2,true
10.5285/e548efb8-84eb-78bc-e053-6c86abc08fe7,BODC,0,0,0,0,0,0,0,2,2,2,true
10.5285/e5554b83-910f-4030-8f4e-81967dc7047c,EIDC,2,2,0,2,0,0,0,4,2,5,true
10.5285/e5632f1b-040c-4c39-8721-4834ada6046a,EIDC,1,1,0,1,0,0,0,2,1,4,true
10.5285/e5854431-6fa4-4ff0-aa02-3de68763c952,EIDC,2,2,0,2,0,0,0,2,0,4,true
10.5285/e58fdade3a6c46bbaae7c53e948dd6d0,CEDA,0,0,0,0,0,0,0,1,1,16,true
10.5285/e5a198a3-9d13-4f69-bc77-c00f0d732212,PDC,1,1,0,1,0,0,0,1,0,2,true
10.5285/e5ab0bec-b6b2-455e-8563-1476cd11c6e0,PDC,4,4,0,0,4,0,0,0,0,7,true
10.5285/e611794a-2f7c-4cfc-a8ab-4c38131e0fad,EIDC,0,0,0,0,0,0,0,3,3,25,true
10.5285/e6251bf935304cfbb9c9269dc7757a35,CEDA,1,1,0,1,0,0,0,1,0,1,true
10.5285/e6621111-5965-44df-b40c-125f466ceb5c,PDC,1,3,0,1,2,0,0,1,0,12,true
10.5285/e66db85a-eaae-6665-e053-6c86abc0bfb9,BODC,0,0,0,0,0,0,0,1,1,1,true
10.5285/e67242f2-e9aa-4402-85a3-be42d13354af,PDC,1,1,0,1,0,0,0,1,0,1,true
10.5285/e674e08c-fbf5-411b-940c-7e31014f0e76,EIDC,1,1,0,1,0,0,0,2,1,3,true
10.5285/e67b02b814bf4a78b9ec90b4259f0741,CEDA,1,1,0,1,0,0,0,2,1,2,true
10.5285/e68063b9-2e52-44df-8b6f-a3deb37b76cb,EIDC,2,2,0,2,0,0,0,2,0,3,true
10.5285/e686816f-8bdd-4782-e053-6c86abc07adc,BODC,2,2,0,2,0,0,0,2,0,2,true
10.5285/e687330b-a0f7-45a1-b58c-398e67da3028,EIDC,1,1,0,1,0,0,0,1,0,2,true
10.5285/e6974644-2026-0f94-e053-6c86abc00109,BODC,1,1,0,1,0,0,0,1,0,1,true
10.5285/e6af67fca81c40b7bb3eddaadde06909,CEDA,3,3,0,3,0,0,0,4,1,4,true
10.5285/e6cf8946-e493-4c36-b4f5-58f7a2ee2a74,PDC,0,0,0,0,0,0,0,3,3,9,true
10.5285/e6e9a85c-b537-4110-899f-2c1498bc826c,EIDC,2,2,0,2,0,0,0,4,2,9,true
10.5285/e7166724-e7fa-4267-a2a7-6207ede57f70,PDC,2,2,0,2,0,0,0,3,1,5,true
10.5285/e738e8af-554a-4940-bb56-267c7377d74d,EIDC,1,1,0,1,0,0,0,2,1,3,true
10.5285/e742c94f-82a4-43e7-af14-36b131afe81b,EIDC,1,1,0,1,0,0,0,1,0,2,true
10.5285/e747e63e-9d93-49c2-bafc-cf3d3f8e5afa,PDC,0,0,0,0,0,0,0,8,8,13,true
10.5285/e777252b-b44a-7978-e053-6c86abc0d89f,BODC,0,0,0,0,0,0,0,1,1,1,true
10.5285/e7851bba-21ff-4645-b557-d8eafdf89462,PDC,7,7,0,0,7,0,0,0,0,21,true
10.5285/e785832b-6dc6-4dba-aeb4-4fcdbf6716f0,PDC,3,3,0,3,0,0,0,3,0,3,true
10.5285/e7aba676-1fdc-4c9a-b125-1ebe6124e5dc,PDC,1,1,0,0,1,0,0,1,1,6,true
10.5285/e7c3177b-4c73-4c20-961f-03afd09ccf69,NGDC,1,1,0,1,0,0,0,1,0,1,true
10.5285/e7d7213d-cf4d-480e-85f1-60a1d0126994,NGDC,0,0,0,0,0,0,0,1,1,1,true
10.5285/e7db55e3-2898-1b40-e053-17d1a68b98b8,BODC,1,1,0,1,0,0,0,1,0,1,true
10.5285/e7db55e3-2899-1b40-e053-17d1a68b98b8,BODC,1,1,0,1,0,0,0,1,0,1,true
10.5285/e7e0e4ad-f8c1-46fc-85b5-6d88057024b8,EIDC,2,2,0,1,0,1,0,1,0,3,true
10.5285/e85a9312-8531-4261-a2f6-1c58f40cfc71,PDC,0,0,0,0,0,0,0,1,1,3,true
10.5285/e8678aaf39144d8cb10cd02e8a562101,CEDA,1,1,0,1,0,0,0,1,0,1,true
10.5285/e8792e69-c9ae-4d54-a0a0-622005f325ad,PDC,2,2,0,1,1,0,0,2,1,3,true
10.5285/e88f651c-3389-4d99-8333-07872dceab57,PDC,3,3,0,0,3,0,0,0,0,12,true
10.5285/e8a29fa7-a245-4a04-8b56-098defa134b9,PDC,1,1,0,1,0,0,0,2,1,14,true
10.5285/e8cff3f4-60e5-46cf-a4d0-0f7ecf222ae4,EIDC,1,1,0,1,0,0,0,1,0,1,true
10.5285/e8f43a51-0198-4323-a926-fe69225d57dd,CEDA,1,1,0,1,0,0,0,1,0,1,true
10.5285/e911196a-b371-47b1-968c-661eb600d83b,EIDC,4,4,0,4,0,0,0,5,1,8,true
10.5285/e916b505-3eba-406b-a7a1-f96a677c3fa0,PDC,1,1,0,0,1,0,0,0,0,2,true
10.5285/e91b10af-6f0a-7fa7-e053-6c86abc05a09,BODC,11,11,0,11,0,0,0,22,11,34,true
10.5285/e92f0984-be44-28bb-e053-6c86abc036a3,BODC,1,1,0,1,0,0,0,1,0,2,true
10.5285/e9ec63be-3f2b-4d1b-b9bf-77ca2b96c7f5,EIDC,0,0,0,0,0,0,0,1,1,2,true
10.5285/e9ed7128-eeed-4478-b308-8d1ea347dfa4,PDC,1,1,0,1,0,0,0,1,0,1,true
10.5285/ea37228a-5b4d-4db2-8d97-53fff2c43f3f,PDC,0,0,0,0,0,0,0,1,1,1,true
10.5285/ea3eb0714dc6402b905fe9f7ee50dbbc,CEDA,1,1,0,1,0,0,0,4,3,5,true
10.5285/ea6d7641-82c0-4d0e-94d8-110c397fa988,PDC,1,1,0,0,1,0,0,0,0,2,true
10.5285/eade27004395466aaa006135e1b2ad1a,CEDA,0,0,0,0,0,0,0,1,1,2,true
10.5285/eae547d0-9668-4ba1-9fc4-67929382395f,PDC,0,0,0,0,0,0,0,1,1,1,true
10.5285/eb210711-85e1-4671-97a8-8c2791979a19,PDC,1,1,0,1,0,0,0,1,0,2,true
10.5285/eb2f66fa-1c64-49af-b9e8-ce3124ce3c03,PDC,1,1,0,1,0,0,0,1,0,2,true
10.5285/eb5d9dc4-13bb-44c7-9bf8-c5980fcf52a4,EIDC,8,8,0,8,0,0,0,14,6,16,true
10.5285/eb6bf8df-ea87-4c3c-8f27-33fa8d5ac663,PDC,1,1,0,0,1,0,0,0,0,5,true
10.5285/eb752e17-cd14-3889-e053-6c86abc0ec59,BODC,0,0,0,0,0,0,0,1,1,1,true
10.5285/eba81a75-2e49-4063-92c8-97c26f300ce5,PDC,0,0,0,0,0,0,0,1,1,1,true
10.5285/ebb9d50f-94fb-446b-8e90-de91b3201650,PDC,1,1,0,1,0,0,0,1,0,1,true
10.5285/ebc32b4b3e3d4e1788bbdd66b6abb5de,CEDA,1,1,0,1,0,0,0,1,0,2,true
10.5285/ebe625b6f77945a68bda0ab7c78dd76b,CEDA,1,1,0,1,0,0,0,2,1,10,true
10.5285/ec54d5e5288a4ebb8c7ad2a1ef6aec42,CEDA,0,0,0,0,0,0,0,1,1,24,true
10.5285/ec659b31a8ca40918e58ec6d03af07a6,CEDA,0,0,0,0,0,0,0,1,1,3,true
10.5285/ec78b74e-631d-4bef-8c28-618b4dc0fffd,EIDC,1,1,0,1,0,0,0,1,0,2,true
10.5285/ec921bc2-5538-47ed-9e72-0d687b4ca4d3,EIDC,0,0,0,0,0,0,0,2,2,4,true
10.5285/ec9e894089434b03bd9532d7b343ec4b,CEDA,1,1,0,1,0,0,0,1,0,24,true
10.5285/ecb17680-da2e-49ae-b250-2d04a6a08d2a,EIDC,17,17,0,17,0,0,0,17,0,18,true
10.5285/ecd04881-fd86-45e2-99e1-f0ec61324329,EIDC,0,0,0,0,0,0,0,1,1,2,true
10.5285/ecfc095f-ebde-435e-b900-f01721c423ed,PDC,1,1,0,1,0,0,0,1,0,1,true
10.5285/ed0a7b70-5adc-4c1e-8d8a-0bb5ee659d18,PDC,3,3,0,3,0,0,0,10,7,15,true
10.5285/ed10944f-40c8-4913-b3f5-13c8e844e153,EIDC,1,1,0,1,0,0,0,3,2,4,true
10.5285/ed7444fc-8c2a-473e-98cd-e68d3cffa2b0,EIDC,0,0,0,0,0,0,0,7,7,18,true
10.5285/ed90df1b-462c-46bb-afbd-59794fb03f6b,EIDC,1,1,0,1,0,0,0,3,2,4,true
10.5285/ede3520b-cf1c-4979-afcc-94ac266bb61a,PDC,0,0,0,0,0,0,0,1,1,5,true
10.5285/edf66239c70c426e9e9f19da1ac8ba87,CEDA,1,1,0,1,0,0,0,2,1,3,true
10.5285/edf8abd23f4a40aabd4d52e48dec06ea,CEDA,1,1,0,1,0,0,0,2,1,2,true
10.5285/edf8febfdaad48abb2cbaf7d7e846a86,CEDA,12,12,0,12,0,0,0,24,12,25,true
10.5285/ee7ba05a-449b-466e-840c-8de1d3f1d4d1,EIDC,0,0,0,0,0,0,0,1,1,2,true
10.5285/ee7c6af2-da57-4519-8637-812eec5ff782,PDC,1,1,0,1,0,0,0,6,5,12,true
10.5285/ee9ab43d-a4fe-4e73-afd5-cd4fc4c82556,EIDC,14,14,0,14,0,0,0,38,24,56,true
10.5285/ee9ce4f4-cad6-4c2e-bc06-4757dc87f7e4,PDC,1,1,0,0,0,1,0,0,0,3,true
10.5285/eed61447-bcca-4f7a-bdc3-533b76092b5e,PDC,5,5,0,0,5,0,0,0,0,5,true
10.5285/eef71670-f6dc-46f6-9143-7569599854e5,PDC,0,0,0,0,0,0,0,1,1,1,true
10.5285/eefba4cd-c7a3-4e24-b2c8-5221fcfdde0b,PDC,3,3,0,0,3,0,0,0,0,4,true
10.5285/eeffacad-1f23-456a-aac0-1bda40958f75,EIDC,1,1,0,1,0,0,0,1,0,2,true
10.5285/ef1996e4-7825-4456-b1f7-4d1b26531d72,PDC,1,1,0,1,0,0,0,1,0,1,true
10.5285/ef237f578329487eb02fb42f9db56bb2,CEDA,0,0,0,0,0,0,0,1,1,1,true
10.5285/ef482413-623b-4e71-a054-d394fc28ed54,PDC,2,2,0,1,0,1,0,1,0,6,true
10.5285/ef880531-08b3-477d-a69e-3b28beb562d2,EIDC,0,0,0,0,0,0,0,1,1,2,true
10.5285/ef8ce37b6af24469a2a4bdc31d3db27d,CEDA,1,1,0,1,0,0,0,2,1,12,true
10.5285/ef8eb5ff84994f2ca416dbb2df7f72c7,CEDA,1,1,0,1,0,0,0,2,1,9,true
10.5285/efa10c00-d43a-4c94-b2f9-0708755e7d80,EIDC,0,0,0,0,0,0,0,1,1,13,true
10.5285/efb98222-5b9a-4d56-990d-5ab85eaf187e,EIDC,1,1,0,1,0,0,0,1,0,6,true
10.5285/efcc09dc-ed05-775c-e053-6c86abc0bb49,BODC,1,1,0,1,0,0,0,1,0,1,true
10.5285/f00fb86d-25c2-4f98-b882-c661511c93ac,EIDC,1,1,0,1,0,0,0,1,0,2,true
10.5285/f0149848-bd81-4a3e-ac20-67d347e7d480,PDC,0,0,0,0,0,0,0,1,1,4,true
10.5285/f02cc6ddd92f45b18b9ab6ab544df7d9,CEDA,4,4,0,4,0,0,0,5,1,6,true
10.5285/f0396be5-a7cd-48c4-b524-7640b9d1b96f,PDC,2,2,0,0,1,1,0,0,0,4,true
10.5285/f03cba75-8bca-4679-ae2a-77a9fcbd4df3,EIDC,3,3,0,3,0,0,0,4,1,5,true
10.5285/f08a5de5-55d4-44de-90e1-94bb4f814054,EIDC,0,0,0,0,0,0,0,1,1,2,true
10.5285/f09a0ada-b5c6-4dd9-9c7b-2fed23ab79b1,EIDC,1,1,0,1,0,0,0,1,0,2,true
10.5285/f127b12d-a54f-4ab8-9697-b8154b81c4bd,EIDC,0,0,0,0,0,0,0,1,1,2,true
10.5285/f15289da-6424-4a5e-bd92-48c4d9c830cc,EIDC,3,3,0,3,0,0,0,8,5,14,true
10.5285/f156350cfc3245dfa9f6c7252da5cd08,CEDA,0,0,0,0,0,0,0,1,1,1,true
10.5285/f173b9c1-bb50-0b75-e053-6c86abc02a4a,BODC,1,1,0,1,0,0,0,1,0,9,true
10.5285/f17f146a31b14dfd960cde0874236ee5,CEDA,5,6,0,6,0,0,0,12,6,14,true
10.5285/f19de821-a436-4b28-95f6-b7287ef0bf15,EIDC,0,0,0,0,0,0,0,2,2,3,true
10.5285/f1b3179e-b446-473d-a5fb-4166668da146,EIDC,2,2,0,2,0,0,0,2,0,3,true
10.5285/f1c9c7aa210d4564bd61ed1a81d51130,CEDA,0,0,0,0,0,0,0,2,2,3,true
10.5285/f1cd5e33-2633-4304-bbc2-b8d34711d902,EIDC,0,0,0,0,0,0,0,2,2,3,true
10.5285/f1d17e61-bb6c-47a9-a648-062c63ea7f16,EIDC,1,1,0,1,0,0,0,1,0,2,true
10.5285/f26f391f-a17b-4a0d-85c7-ab8af85c3f1b,EIDC,0,0,0,0,0,0,0,1,1,2,true
10.5285/f2792d06-1e9d-4e00-a5c6-37d43bee5297,PDC,6,6,0,1,5,0,0,1,0,9,true
10.5285/f2856ee8-da6e-4b67-bedb-590520c77b3c,EIDC,6,6,0,6,0,0,0,9,3,12,true
10.5285/f2ca631f29a24c47a7e98654ddf2c7d9,CEDA,3,3,0,3,0,0,0,3,0,3,true
10.5285/f2de31af-9f83-44f8-9584-f0190a2cc3eb,PDC,2,2,0,2,0,0,0,3,1,4,true
10.5285/f2dfeda9-bf44-4ef5-89a3-ee5e434a385c,PDC,2,2,0,1,1,0,0,1,0,4,true
10.5285/f2f646d3-cc5a-4676-8194-34dbfa1c2874,EIDC,0,0,0,0,0,0,0,1,1,17,true
10.5285/f3198e10-faf3-1525-e053-6c86abc0d2f6,BODC,0,0,0,0,0,0,0,2,2,2,true
10.5285/f32b298b-7906-4360-9e34-16739af73bb7,PDC,4,4,0,0,4,0,0,1,1,15,true
10.5285/f3310fe1-a6ea-4cdd-b9f6-f7fc66e4652e,EIDC,0,0,0,0,0,0,0,3,3,4,true
10.5285/f3723162-4fed-4d9d-92c6-dd17412fa37b,EIDC,8,8,0,8,0,0,0,18,10,19,true
10.5285/f385b60a-2a6b-432e-aadd-a9690415a0ca,EIDC,0,0,0,0,0,0,0,1,1,16,true
10.5285/f39f0aa295304d55beeb0a850760b061,CEDA,1,1,0,1,0,0,0,1,0,1,true
10.5285/f39f4588-0255-47b4-a61b-03848eb2f8c4,EIDC,3,3,0,3,0,0,0,3,0,15,true
10.5285/f3c482e3-245e-36a5-e044-000b5de50f38,BODC,1,1,0,1,0,0,0,2,1,11,true
10.5285/f3e71ba6-bfd7-4841-9ce4-fd1f0d590d2d,EIDC,0,0,0,0,0,0,0,1,1,2,true
10.5285/f4151599eb7b491c9f4ce75489eb8b1e,CEDA,0,0,0,0,0,0,0,1,1,4,true
10.5285/f4245a21-dee9-46cf-85b2-114798cb7ebc,PDC,1,1,0,1,0,0,0,1,0,7,true
10.5285/f43b1190-6fe7-48c1-8757-39ae7a645ecf,PDC,4,4,0,0,3,1,0,0,0,6,true
10.5285/f44043b2-b9f0-71f2-e044-000b5de50f38,BODC,0,0,0,0,0,0,0,3,3,7,true
10.5285/f45a1a95ddcc480784640da6f3001904,CEDA,0,0,0,0,0,0,0,1,1,1,true
10.5285/f463bc5c-bb79-4967-a8dc-f662f57f7020,EIDC,0,0,0,0,0,0,0,1,1,3,true
10.5285/f4654030223445b0bac63a23aaa60620,CEDA,1,1,0,1,0,0,0,2,1,2,true
10.5285/f478ea82-a0e9-4778-955b-34c7ebfdd421,EIDC,1,1,0,1,0,0,0,1,0,2,true
10.5285/f481c6bf-5774-4df8-8776-c4d7bf059d40,EIDC,1,1,0,1,0,0,0,3,2,7,true
10.5285/f484ff54-9139-462e-b37a-347a69f78500,EIDC,0,0,0,0,0,0,0,1,1,2,true
10.5285/f493ad5c-585c-475d-a374-2f77b5866bc4,EIDC,1,1,0,1,0,0,0,1,0,2,true
10.5285/f4c34f4f0f1d4d0da06d771f6972f180,CEDA,10,10,0,10,0,0,0,22,12,23,true
10.5285/f4f0c90e-7ed6-46f4-8973-dd4475c5dcde,PDC,1,1,0,1,0,0,0,1,0,1,true
10.5285/f4f79d46-dac7-4628-a0b3-7427761737a6,EIDC,1,1,0,1,0,0,0,1,0,2,true
10.5285/f5139bb9-79b2-44e1-963e-c2755ffd1d01,PDC,19,19,0,0,19,0,0,0,0,20,true
10.5285/f52f012d-9f2e-42cc-b628-9cdea4fa3ba0,EIDC,4,4,0,4,0,0,0,4,0,11,true
10.5285/f539567f-a8cd-482e-89b8-64a951b52d93,EIDC,0,0,0,0,0,0,0,2,2,4,true
10.5285/f56e35bc-635e-0ab5-e044-000b5de50f38,BODC,0,0,0,0,0,0,0,2,2,5,true
10.5285/f587847a-7505-4fd8-99db-b99cc0285f9f,EIDC,0,0,0,0,0,0,0,1,1,2,true
10.5285/f5a7d56c-cea0-4f00-b159-c3788a3b2b38,EIDC,4,4,0,4,0,0,0,13,9,15,true
10.5285/f5e3bd00-efd0-4dc6-a454-aa597d84764a,EIDC,1,1,0,1,0,0,0,1,0,17,true
10.5285/f5f85f15-8f3a-474c-ae58-7cdeab2a53ca,EIDC,0,0,0,0,0,0,0,1,1,2,true
10.5285/f5fc1041-e284-4763-b8b7-8643c319b2d0,EIDC,1,1,0,1,0,0,0,2,1,9,true
10.5285/f61dcdcc-b838-4bfa-8d94-7820114a68c8,EIDC,1,1,0,1,0,0,0,2,1,3,true
10.5285/f62a1b8a-5a4c-451a-8dfb-28600b4049e8,PDC,2,2,0,1,1,0,0,1,0,3,true
10.5285/f64815ec-4077-4432-9f55-0ce230f46029,PDC,6,6,0,0,6,0,0,1,1,12,true
10.5285/f65ecf6a-95b1-483e-9350-25bd46bf2e98,PDC,1,1,0,0,1,0,0,0,0,2,true
10.5285/f6809e00-91cb-494d-babd-5d60d938ad97,EIDC,1,1,0,1,0,0,0,2,1,3,true
10.5285/f6b551ea-e079-4150-b13c-b5f89f5dbaa6,EIDC,1,1,0,1,0,0,0,1,0,5,true
10.5285/f6b9b2b3-1ad0-4ac1-a19b-bb340427fbf1,EIDC,1,1,0,1,0,0,0,1,0,2,true
10.5285/f6cac471-7d92-4e6d-be8a-9f7887143058,EIDC,2,2,0,2,0,0,0,3,1,5,true
10.5285/f6f86b1a-af6d-4ed8-85af-21ee97ec5333,EIDC,5,5,0,5,0,0,0,5,0,14,true
10.5285/f70248ef-cb60-77d0-e053-6c86abc0c75a,BODC,0,0,0,0,0,0,0,1,1,1,true
10.5285/f70596a1-0994-4b08-abab-0c9398af447d,EIDC,1,1,0,1,0,0,0,2,1,3,true
10.5285/f710bed1-e564-47bf-b82c-4c2a2fe2810e,EIDC,5,5,0,5,0,0,0,13,8,19,true
10.5285/f7142ced-f6ff-486b-af33-44fb8f763cde,EIDC,2,2,0,2,0,0,0,4,2,6,true
10.5285/f717a8ea622f495397f4e76f777349d1,CEDA,1,1,0,1,0,0,0,6,5,9,true
10.5285/f71c9f3e-0ae1-4318-a3ea-1dd30b7af3be,EIDC,0,0,0,0,0,0,0,1,1,2,true
10.5285/f7676346-a67e-4fdf-9d30-e79ad2585195,EIDC,0,0,0,0,0,0,0,1,1,2,true
10.5285/f78b0f29-3df4-4a6c-a096-a1c73828b0a0,EIDC,0,0,0,0,0,0,0,1,1,2,true
10.5285/f7947381-6fd7-466f-8894-25d3262cbcf5,PDC,0,0,0,0,0,0,0,2,2,2,true
10.5285/f79b6577-d4cd-4eb2-9fec-b71e4e1d2389,PDC,1,1,0,1,0,0,0,1,0,2,true
10.5285/f7aada06-7352-44c0-988e-2f4b31690189,EIDC,0,0,0,0,0,0,0,1,1,2,true
10.5285/f7ae919f96b44a1c9695f40a9cf988dd,CEDA,2,2,0,2,0,0,0,2,0,24,true
10.5285/f7d8439f-eea3-4edb-be2e-99b290a82f06,PDC,3,3,0,0,3,0,0,0,0,4,true
10.5285/f7ef2dc5-2bce-4436-8f65-90f7a99acff2,EIDC,0,0,0,0,0,0,0,2,2,3,true
10.5285/f802edfc-86b7-4ab9-b8fa-87e9135237c9,EIDC,4,4,0,4,0,0,0,7,3,24,true
10.5285/f803893c-7978-42cf-993a-e0886dc32a9a,PDC,1,1,0,1,0,0,0,1,0,3,true
10.5285/f81ede76-a1d4-4367-aa8c-de087350457e,EIDC,0,0,0,0,0,0,0,1,1,9,true
10.5285/f82f7ad8-0e98-41cb-951e-be64ffd36078,EIDC,0,0,0,0,0,0,0,2,2,3,true
10.5285/f85ee4eb-8918-4aa4-8e51-6c46f4c812cb,PDC,4,4,0,1,3,0,0,1,0,6,true
10.5285/f883e197594f4fbaae6edebafb3fddb3,CEDA,0,0,0,0,0,0,0,3,3,10,true
10.5285/f899fbc5-7034-45c0-a15c-9ee1d92a693f,EIDC,0,0,0,0,0,0,0,1,1,2,true
10.5285/f8c4787b-fcdb-4514-8a03-76ed93f47de5,PDC,3,3,0,0,3,0,0,0,0,7,true
10.5285/f8f4dc5f-2eed-24ef-e044-000b5de50f38,BODC,0,0,0,0,0,0,0,1,1,1,true
10.5285/f8f7bbf7-bd86-45e5-bf22-f7fc327c94bf,PDC,1,1,0,1,0,0,0,2,1,12,true
10.5285/f90fc5b05bb4450f87e89b5f86038346,CEDA,0,0,0,0,0,0,0,1,1,1,true
10.5285/f91cd3ee7b6243d5b7d41b9beaf397e1,CEDA,3,3,0,3,0,0,0,6,3,9,true
10.5285/f9513ece-a913-4774-8808-273dcf7ed0be,EIDC,1,1,0,1,0,0,0,3,2,4,true
10.5285/f99a6179-0040-443c-aa3b-2f489814a368,NGDC,0,0,0,0,0,0,0,1,1,1,true
10.5285/f99ff6c7-ce82-4011-ac3e-9328d7db3502,NGDC,0,0,0,0,0,0,0,1,1,1,true
10.5285/fa5d606c-dc95-47ee-9016-7a82e446f2f2,PDC,3,3,0,1,2,0,0,2,1,10,true
10.5285/fa7887ea-5c4e-4d7a-b39f-456792f34b37,PDC,1,1,0,1,0,0,0,1,0,1,true
10.5285/fa83484e57854d6fbde16ff945ff6dc0,CEDA,1,1,0,1,0,0,0,1,0,23,true
10.5285/faa526cc-52f5-4468-97bb-295660bcea34,EIDC,0,0,0,0,0,0,0,1,1,3,true
10.5285/faac4156-047d-47ba-9e31-1a4f766bfdf8,PDC,2,2,0,0,2,0,0,0,0,8,true
10.5285/fad1e73b-b7cb-4728-a8f9-2e3cce5aef90,PDC,2,2,0,1,1,0,0,1,0,3,true
10.5285/fb1e474d-456b-42a9-9a10-a02c35af10d2,EIDC,2,2,0,2,0,0,0,5,3,6,true
10.5285/fb560068-04ae-4afb-bbd1-86a1e0003474,PDC,20,20,0,0,20,0,0,0,0,21,true
10.5285/fbcfc877-a38e-4c26-8d8b-7226392493db,EIDC,0,0,0,0,0,0,0,1,1,2,true
10.5285/fbfae06e787b4fefb4b03cba2fd04bc3,CEDA,1,1,0,1,0,0,0,5,4,6,true
10.5285/fc18715a-07d6-4d03-b27c-124637338201,PDC,1,1,0,1,0,0,0,1,0,1,true
10.5285/fc1cf9a7-d7b0-4948-8328-497d6e071950,EIDC,0,0,0,0,0,0,0,1,1,2,true
10.5285/fc219733-a8e8-4ec0-a34e-e0e8115f0d68,EIDC,1,1,0,1,0,0,0,1,0,2,true
10.5285/fc332502-1b15-48db-a4f0-16274e924ba0,NGDC,1,1,0,1,0,0,0,1,0,3,true
10.5285/fc65177d-b113-420e-a70b-05d3f42682d5,EIDC,1,1,0,1,0,0,0,5,4,6,true
10.5285/fc7d9281c75b4acd99ad23f5f36ee7fc,CEDA,1,1,0,1,0,0,0,1,0,2,true
10.5285/fc7e78d8-ae93-43cc-ade7-181b3af17a3e,PDC,1,1,0,0,1,0,0,0,0,1,true
10.5285/fc9423d6-3d54-467f-bb2b-fc7357a3941f,EIDC,7,7,0,7,0,0,0,8,1,10,true
10.5285/fc9bcd1c-e3fc-4c5a-b569-2fe62d40f2f5,EIDC,5,5,0,5,0,0,0,17,12,19,true
10.5285/fccd86b0-f5b6-4716-b4f7-f43ad82daeee,EIDC,1,1,0,1,0,0,0,1,0,2,true
10.5285/fd0ce233-3b4d-4a5e-abcb-c0a26dd71c95,EIDC,1,1,0,1,0,0,0,1,0,2,true
10.5285/fd200bb3-308b-7c0b-e043-6c86abc01ef5,BODC,0,0,0,0,0,0,0,1,1,1,true
10.5285/fd200bb3-308c-7c0b-e043-6c86abc01ef5,BODC,0,0,0,0,0,0,0,1,1,1,true
10.5285/fd200bb3-308d-7c0b-e043-6c86abc01ef5,BODC,0,0,0,0,0,0,0,1,1,8,true
10.5285/fd2f9f1c-bb9f-484e-bbc1-b3d20668b8d2,PDC,1,1,0,1,0,0,0,1,0,1,true
10.5285/fd6ae272-aeb5-4573-8e8a-7ccfae64f506,EIDC,2,2,0,2,0,0,0,3,1,4,true
10.5285/fd7ca5ef-460a-463c-ad2b-5ad48bb4e22e,EIDC,4,4,0,4,0,0,0,10,6,21,true
10.5285/fd8151e9-0ee2-4dfa-a254-470c9bb9bc1e,EIDC,0,0,0,0,0,0,0,5,5,6,true
10.5285/fd971fc7-a730-4c68-9a02-76022e56ddab,PDC,1,1,0,0,1,0,0,0,0,2,true
10.5285/fdae44ed-8b22-4935-b889-b4b271138385,EIDC,0,0,0,0,0,0,0,1,1,2,true
10.5285/fdc3fd67-a0bc-4e94-950e-9cabd4e636bb,EIDC,0,0,0,0,0,0,0,1,1,23,true
10.5285/fdf8c8d3-5998-45a5-8431-7f5e6302fc32,EIDC,5,5,0,5,0,0,0,5,0,27,true
10.5285/fe06072e-d4c4-2201-e053-6c86abc067de,BODC,0,0,0,0,0,0,0,1,1,1,true
10.5285/fe815073-28ee-462d-bee3-09e0da2f3866,PDC,1,1,0,1,0,0,0,2,1,12,true
10.5285/feb1e0b5426d4f5c80f791909a3a2d37,CEDA,1,1,0,1,0,0,0,1,0,1,true
10.5285/fec704d2-ee6a-427b-9345-850dd96ff1b4,EIDC,0,0,0,0,0,0,0,1,1,2,true
10.5285/fecd8c1f-81dd-410a-b8e6-7cfec411e4c0,PDC,1,1,0,0,1,0,0,1,1,5,true
10.5285/ff0cbcb7-bdad-4d03-bdf2-a54c54d67d9f,PDC,5,5,0,0,5,0,0,0,0,5,true
10.5285/ff217c783e3f4c66a4891d2b5807ee6e,CEDA,1,1,0,1,0,0,0,2,1,3,true
10.5285/ff46f034-f47c-05f9-e053-6c86abc0dc7e,BODC,17,17,0,17,0,0,0,23,6,23,true
10.5285/ff4b43475c9641cca1dad2c8be8dadaf,CEDA,1,1,0,1,0,0,0,2,1,3,true
10.5285/ff55462e-38a4-4f30-b562-f82ff263d9c3,EIDC,1,1,0,1,0,0,0,1,0,2,true
10.5285/ff79d140824f42dd92b204b4f1e9e7c2,CEDA,8,8,0,8,0,0,0,19,11,20,true
10.5285/ffc06839-e64c-4844-aae7-db3b0a012e2e,EIDC,0,0,0,0,0,0,0,1,1,2,true
10.5285/ffc9ed384aea471dab35901cf62f70be,CEDA,1,1,0,1,0,0,0,3,2,5,true
10.5285/ffd24dd7-e201-4a02-923f-038680bf7bb5,PDC,1,1,0,0,1,0,0,1,1,4,true
10.5285/fff8afee-4978-495e-9210-120872983a8d,PDC,1,1,0,1,0,0,0,2,1,4,true
